"antecedent","consequent","count_A_union_B","count_A","count_B","support","confidence","lift"
"22916 — HERB MARKER THYME","22917 — HERB MARKER ROSEMARY","176","186","190","0.010304449648711944","0.946236559139785","85.06168647425014"
"22917 — HERB MARKER ROSEMARY","22916 — HERB MARKER THYME","176","190","186","0.010304449648711944","0.9263157894736842","85.06168647425014"
"22916 — HERB MARKER THYME","22918 — HERB MARKER PARSLEY","171","186","187","0.010011709601873536","0.9193548387096774","83.97101949284112"
"22918 — HERB MARKER PARSLEY","22916 — HERB MARKER THYME","171","187","186","0.010011709601873536","0.9144385026737968","83.97101949284112"
"22918 — HERB MARKER PARSLEY","22917 — HERB MARKER ROSEMARY","174","187","190","0.010187353629976581","0.93048128342246","83.6453701097664"
"22917 — HERB MARKER ROSEMARY","22918 — HERB MARKER PARSLEY","174","190","187","0.010187353629976581","0.9157894736842105","83.64537010976639"
"22917 — HERB MARKER ROSEMARY","22920 — HERB MARKER BASIL","172","190","187","0.010070257611241218","0.9052631578947369","82.68392907402196"
"22920 — HERB MARKER BASIL","22917 — HERB MARKER ROSEMARY","172","187","190","0.010070257611241218","0.9197860962566845","82.68392907402195"
"22918 — HERB MARKER PARSLEY","22919 — HERB MARKER MINT","171","187","191","0.010011709601873536","0.9144385026737968","81.77282526527985"
"22919 — HERB MARKER MINT","22918 — HERB MARKER PARSLEY","171","191","187","0.010011709601873536","0.8952879581151832","81.77282526527983"
"22917 — HERB MARKER ROSEMARY","22919 — HERB MARKER MINT","173","190","191","0.010128805620608899","0.9105263157894737","81.42298153761368"
"22919 — HERB MARKER MINT","22917 — HERB MARKER ROSEMARY","173","191","190","0.010128805620608899","0.9057591623036649","81.42298153761367"
"23170 — REGENCY TEA PLATE ROSES + 23171 — REGENCY TEA PLATE GREEN","23172 — REGENCY TEA PLATE PINK","185","229","224","0.010831381733021077","0.8078602620087336","61.59934497816594"
"23172 — REGENCY TEA PLATE PINK","23170 — REGENCY TEA PLATE ROSES + 23171 — REGENCY TEA PLATE GREEN","185","224","229","0.010831381733021077","0.8258928571428571","61.59934497816593"
"23170 — REGENCY TEA PLATE ROSES + 23172 — REGENCY TEA PLATE PINK","23171 — REGENCY TEA PLATE GREEN","185","197","269","0.010831381733021077","0.9390862944162437","59.62674315475629"
"23171 — REGENCY TEA PLATE GREEN","23170 — REGENCY TEA PLATE ROSES + 23172 — REGENCY TEA PLATE PINK","185","269","197","0.010831381733021077","0.6877323420074349","59.626743154756284"
"23171 — REGENCY TEA PLATE GREEN","23172 — REGENCY TEA PLATE PINK","202","269","224","0.011826697892271663","0.7509293680297398","57.25836431226766"
"23172 — REGENCY TEA PLATE PINK","23171 — REGENCY TEA PLATE GREEN","202","224","269","0.011826697892271663","0.9017857142857143","57.25836431226766"
"22746 — POPPY'S PLAYHOUSE LIVINGROOM","22745 — POPPY'S PLAYHOUSE BEDROOM + 22748 — POPPY'S PLAYHOUSE KITCHEN","186","252","254","0.01088992974238876","0.7380952380952381","49.632545931758536"
"22745 — POPPY'S PLAYHOUSE BEDROOM + 22748 — POPPY'S PLAYHOUSE KITCHEN","22746 — POPPY'S PLAYHOUSE LIVINGROOM","186","254","252","0.01088992974238876","0.7322834645669292","49.63254593175853"
"21080 — SET/20 RED RETROSPOT PAPER NAPKINS + 21086 — SET/6 RED SPOTTY PAPER CUPS","21094 — SET/6 RED SPOTTY PAPER PLATES","177","192","325","0.010362997658079626","0.921875","48.448076923076925"
"21094 — SET/6 RED SPOTTY PAPER PLATES","21080 — SET/20 RED RETROSPOT PAPER NAPKINS + 21086 — SET/6 RED SPOTTY PAPER CUPS","177","325","192","0.010362997658079626","0.5446153846153846","48.448076923076925"
"23175 — REGENCY MILK JUG PINK","23174 — REGENCY SUGAR BOWL GREEN","206","272","268","0.012060889929742389","0.7573529411764706","48.267120280948205"
"23174 — REGENCY SUGAR BOWL GREEN","23175 — REGENCY MILK JUG PINK","206","268","272","0.012060889929742389","0.7686567164179104","48.2671202809482"
"23171 — REGENCY TEA PLATE GREEN + 23172 — REGENCY TEA PLATE PINK","23170 — REGENCY TEA PLATE ROSES","185","202","327","0.010831381733021077","0.9158415841584159","47.83661852423775"
"23170 — REGENCY TEA PLATE ROSES","23171 — REGENCY TEA PLATE GREEN + 23172 — REGENCY TEA PLATE PINK","185","327","202","0.010831381733021077","0.5657492354740061","47.83661852423774"
"22745 — POPPY'S PLAYHOUSE BEDROOM","22746 — POPPY'S PLAYHOUSE LIVINGROOM + 22748 — POPPY'S PLAYHOUSE KITCHEN","186","316","215","0.01088992974238876","0.5886075949367089","46.76008242566971"
"22746 — POPPY'S PLAYHOUSE LIVINGROOM + 22748 — POPPY'S PLAYHOUSE KITCHEN","22745 — POPPY'S PLAYHOUSE BEDROOM","186","215","316","0.01088992974238876","0.8651162790697674","46.76008242566971"
"21080 — SET/20 RED RETROSPOT PAPER NAPKINS + 21094 — SET/6 RED SPOTTY PAPER PLATES","21086 — SET/6 RED SPOTTY PAPER CUPS","177","229","283","0.010362997658079626","0.7729257641921398","46.648664496119245"
"21086 — SET/6 RED SPOTTY PAPER CUPS","21080 — SET/20 RED RETROSPOT PAPER NAPKINS + 21094 — SET/6 RED SPOTTY PAPER PLATES","177","283","229","0.010362997658079626","0.6254416961130742","46.648664496119245"
"23265 — SET OF 3 WOODEN TREE DECORATIONS","23266 — SET OF 3 WOODEN STOCKING DECORATION","182","246","274","0.010655737704918032","0.7398373983739838","46.11833125630527"
"23266 — SET OF 3 WOODEN STOCKING DECORATION","23265 — SET OF 3 WOODEN TREE DECORATIONS","182","274","246","0.010655737704918032","0.6642335766423357","46.11833125630526"
"23170 — REGENCY TEA PLATE ROSES","23172 — REGENCY TEA PLATE PINK","197","327","224","0.011533957845433256","0.6024464831804281","45.936544342507645"
"23172 — REGENCY TEA PLATE PINK","23170 — REGENCY TEA PLATE ROSES","197","224","327","0.011533957845433256","0.8794642857142857","45.936544342507645"
"21122 — SET/10 PINK POLKADOT PARTY CANDLES","21124 — SET/10 BLUE POLKADOT PARTY CANDLES","182","304","226","0.010655737704918032","0.5986842105263158","45.24569166278528"
"21124 — SET/10 BLUE POLKADOT PARTY CANDLES","21122 — SET/10 PINK POLKADOT PARTY CANDLES","182","226","304","0.010655737704918032","0.8053097345132744","45.245691662785276"
"22745 — POPPY'S PLAYHOUSE BEDROOM + 22746 — POPPY'S PLAYHOUSE LIVINGROOM","22748 — POPPY'S PLAYHOUSE KITCHEN","186","205","346","0.01088992974238876","0.9073170731707317","44.78894684900607"
"22748 — POPPY'S PLAYHOUSE KITCHEN","22745 — POPPY'S PLAYHOUSE BEDROOM + 22746 — POPPY'S PLAYHOUSE LIVINGROOM","186","346","205","0.01088992974238876","0.5375722543352601","44.78894684900607"
"23171 — REGENCY TEA PLATE GREEN","23170 — REGENCY TEA PLATE ROSES","229","269","327","0.013407494145199064","0.8513011152416357","44.465513909257304"
"23170 — REGENCY TEA PLATE ROSES","23171 — REGENCY TEA PLATE GREEN","229","327","269","0.013407494145199064","0.7003058103975535","44.4655139092573"
"22745 — POPPY'S PLAYHOUSE BEDROOM","22746 — POPPY'S PLAYHOUSE LIVINGROOM","205","316","252","0.012002341920374707","0.6487341772151899","43.96976090014065"
"22746 — POPPY'S PLAYHOUSE LIVINGROOM","22745 — POPPY'S PLAYHOUSE BEDROOM","205","252","316","0.012002341920374707","0.8134920634920635","43.96976090014065"
"21086 — SET/6 RED SPOTTY PAPER CUPS","21094 — SET/6 RED SPOTTY PAPER PLATES","236","283","325","0.013817330210772834","0.833922261484099","43.8258222343028"
"21094 — SET/6 RED SPOTTY PAPER PLATES","21086 — SET/6 RED SPOTTY PAPER CUPS","236","325","283","0.013817330210772834","0.7261538461538461","43.8258222343028"
"22746 — POPPY'S PLAYHOUSE LIVINGROOM","22748 — POPPY'S PLAYHOUSE KITCHEN","215","252","346","0.012587822014051522","0.8531746031746031","42.11624919717406"
"22748 — POPPY'S PLAYHOUSE KITCHEN","22746 — POPPY'S PLAYHOUSE LIVINGROOM","215","346","252","0.012587822014051522","0.6213872832369942","42.11624919717405"
"23254 — CHILDRENS CUTLERY DOLLY GIRL","23256 — CHILDRENS CUTLERY SPACEBOY","214","275","324","0.01252927400468384","0.7781818181818182","41.02267115600449"
"23256 — CHILDRENS CUTLERY SPACEBOY","23254 — CHILDRENS CUTLERY DOLLY GIRL","214","324","275","0.01252927400468384","0.6604938271604939","41.02267115600449"
"22745 — POPPY'S PLAYHOUSE BEDROOM","22748 — POPPY'S PLAYHOUSE KITCHEN","254","316","346","0.014871194379391101","0.8037974683544303","39.678788322236045"
"22748 — POPPY'S PLAYHOUSE KITCHEN","22745 — POPPY'S PLAYHOUSE BEDROOM","254","346","316","0.014871194379391101","0.7341040462427746","39.678788322236045"
"21932 — SCANDINAVIAN PAISLEY PICNIC BAG","21933 — PINK VINTAGE PAISLEY PICNIC BAG","199","319","282","0.011651053864168618","0.6238244514106583","37.78341003579449"
"21933 — PINK VINTAGE PAISLEY PICNIC BAG","21932 — SCANDINAVIAN PAISLEY PICNIC BAG","199","282","319","0.011651053864168618","0.7056737588652482","37.78341003579448"
"84596B — SMALL DOLLY MIX DESIGN ORANGE BOWL","84596F — SMALL MARSHMALLOWS PINK BOWL","225","361","288","0.013173302107728338","0.6232686980609419","36.96329639889197"
"84596F — SMALL MARSHMALLOWS PINK BOWL","84596B — SMALL DOLLY MIX DESIGN ORANGE BOWL","225","288","361","0.013173302107728338","0.78125","36.96329639889197"
"22569 — FELTCRAFT CUSHION BUTTERFLY","22570 — FELTCRAFT CUSHION RABBIT","201","294","324","0.011768149882903981","0.6836734693877551","36.04056437389771"
"22570 — FELTCRAFT CUSHION RABBIT","22569 — FELTCRAFT CUSHION BUTTERFLY","201","324","294","0.011768149882903981","0.6203703703703703","36.0405643738977"
"22577 — WOODEN HEART CHRISTMAS SCANDINAVIAN + 22579 — WOODEN TREE CHRISTMAS SCANDINAVIAN","22578 — WOODEN STAR CHRISTMAS SCANDINAVIAN","182","200","432","0.010655737704918032","0.91","35.9787037037037"
"22578 — WOODEN STAR CHRISTMAS SCANDINAVIAN","22577 — WOODEN HEART CHRISTMAS SCANDINAVIAN + 22579 — WOODEN TREE CHRISTMAS SCANDINAVIAN","182","432","200","0.010655737704918032","0.4212962962962963","35.9787037037037"
"23173 — REGENCY TEAPOT ROSES","23174 — REGENCY SUGAR BOWL GREEN","196","353","268","0.011475409836065573","0.5552407932011332","35.38624159654984"
"23174 — REGENCY SUGAR BOWL GREEN","23173 — REGENCY TEAPOT ROSES","196","268","353","0.011475409836065573","0.7313432835820896","35.38624159654983"
"22579 — WOODEN TREE CHRISTMAS SCANDINAVIAN","22577 — WOODEN HEART CHRISTMAS SCANDINAVIAN + 22578 — WOODEN STAR CHRISTMAS SCANDINAVIAN","182","276","319","0.010655737704918032","0.6594202898550725","35.30689200854119"
"22577 — WOODEN HEART CHRISTMAS SCANDINAVIAN + 22578 — WOODEN STAR CHRISTMAS SCANDINAVIAN","22579 — WOODEN TREE CHRISTMAS SCANDINAVIAN","182","319","276","0.010655737704918032","0.5705329153605015","35.30689200854118"
"82580 — BATHROOM METAL SIGN","82578 — KITCHEN METAL SIGN","172","383","219","0.010070257611241218","0.4490861618798956","35.02461938314437"
"82578 — KITCHEN METAL SIGN","82580 — BATHROOM METAL SIGN","172","219","383","0.010070257611241218","0.7853881278538812","35.02461938314436"
"47590A — BLUE HAPPY BIRTHDAY BUNTING","47590B — PINK HAPPY BIRTHDAY BUNTING","254","353","358","0.014871194379391101","0.7195467422096318","34.329213287543325"
"47590B — PINK HAPPY BIRTHDAY BUNTING","47590A — BLUE HAPPY BIRTHDAY BUNTING","254","358","353","0.014871194379391101","0.7094972067039106","34.32921328754332"
"23173 — REGENCY TEAPOT ROSES","23175 — REGENCY MILK JUG PINK","192","353","272","0.011241217798594848","0.5439093484419264","34.154307615397435"
"23175 — REGENCY MILK JUG PINK","23173 — REGENCY TEAPOT ROSES","192","272","353","0.011241217798594848","0.7058823529411765","34.154307615397435"
"82580 — BATHROOM METAL SIGN","82581 — TOILET METAL SIGN","225","383","302","0.013173302107728338","0.587467362924282","33.224975360088536"
"82581 — TOILET METAL SIGN","82580 — BATHROOM METAL SIGN","225","302","383","0.013173302107728338","0.7450331125827815","33.224975360088536"
"21668 — RED STRIPE CERAMIC DRAWER KNOB","21671 — RED SPOT CERAMIC DRAWER KNOB","180","333","279","0.01053864168618267","0.5405405405405406","33.091155671800834"
"21671 — RED SPOT CERAMIC DRAWER KNOB","21668 — RED STRIPE CERAMIC DRAWER KNOB","180","279","333","0.01053864168618267","0.6451612903225806","33.091155671800834"
"22578 — WOODEN STAR CHRISTMAS SCANDINAVIAN","22579 — WOODEN TREE CHRISTMAS SCANDINAVIAN","226","432","276","0.013231850117096019","0.5231481481481481","32.37453032742887"
"22579 — WOODEN TREE CHRISTMAS SCANDINAVIAN","22578 — WOODEN STAR CHRISTMAS SCANDINAVIAN","226","276","432","0.013231850117096019","0.8188405797101449","32.37453032742887"
"23294 — SET OF 6 SNACK LOAF BAKING CASES","23295 — SET OF 12 MINI LOAF BAKING CASES","193","291","359","0.01129976580796253","0.6632302405498282","31.554240971005754"
"23295 — SET OF 12 MINI LOAF BAKING CASES","23294 — SET OF 6 SNACK LOAF BAKING CASES","193","359","291","0.01129976580796253","0.5376044568245125","31.554240971005754"
"22751 — FELTCRAFT PRINCESS OLIVIA DOLL","22750 — FELTCRAFT PRINCESS LOLA DOLL","175","251","378","0.010245901639344262","0.6972111553784861","31.503615168953818"
"22750 — FELTCRAFT PRINCESS LOLA DOLL","22751 — FELTCRAFT PRINCESS OLIVIA DOLL","175","378","251","0.010245901639344262","0.46296296296296297","31.503615168953814"
"23263 — SET OF 3 WOODEN HEART DECORATIONS","23265 — SET OF 3 WOODEN TREE DECORATIONS","175","389","246","0.010245901639344262","0.4498714652956298","31.234978159550234"
"23265 — SET OF 3 WOODEN TREE DECORATIONS","23263 — SET OF 3 WOODEN HEART DECORATIONS","175","246","389","0.010245901639344262","0.7113821138211383","31.234978159550234"
"21668 — RED STRIPE CERAMIC DRAWER KNOB","21669 — BLUE STRIPE CERAMIC DRAWER KNOB","211","333","351","0.012353629976580797","0.6336336336336337","30.83322638878195"
"21669 — BLUE STRIPE CERAMIC DRAWER KNOB","21668 — RED STRIPE CERAMIC DRAWER KNOB","211","351","333","0.012353629976580797","0.6011396011396012","30.83322638878195"
"21668 — RED STRIPE CERAMIC DRAWER KNOB","21672 — WHITE SPOT RED CERAMIC DRAWER KNOB","182","333","306","0.010655737704918032","0.5465465465465466","30.50658501638894"
"21672 — WHITE SPOT RED CERAMIC DRAWER KNOB","21668 — RED STRIPE CERAMIC DRAWER KNOB","182","306","333","0.010655737704918032","0.5947712418300654","30.50658501638894"
"21670 — BLUE SPOT CERAMIC DRAWER KNOB","21669 — BLUE STRIPE CERAMIC DRAWER KNOB","181","289","351","0.010597189695550352","0.6262975778546713","30.476246808426744"
"21669 — BLUE STRIPE CERAMIC DRAWER KNOB","21670 — BLUE SPOT CERAMIC DRAWER KNOB","181","351","289","0.010597189695550352","0.5156695156695157","30.47624680842674"
"84997C — CHILDRENS CUTLERY POLKADOT BLUE","84997D — CHILDRENS CUTLERY POLKADOT PINK","228","303","422","0.013348946135831381","0.7524752475247525","30.455633241049224"
"84997D — CHILDRENS CUTLERY POLKADOT PINK","84997C — CHILDRENS CUTLERY POLKADOT BLUE","228","422","303","0.013348946135831381","0.5402843601895735","30.455633241049224"
"22578 — WOODEN STAR CHRISTMAS SCANDINAVIAN + 22579 — WOODEN TREE CHRISTMAS SCANDINAVIAN","22577 — WOODEN HEART CHRISTMAS SCANDINAVIAN","182","226","463","0.010655737704918032","0.8053097345132744","29.70775435310308"
"22577 — WOODEN HEART CHRISTMAS SCANDINAVIAN","22578 — WOODEN STAR CHRISTMAS SCANDINAVIAN + 22579 — WOODEN TREE CHRISTMAS SCANDINAVIAN","182","463","226","0.010655737704918032","0.3930885529157667","29.707754353103077"
"23263 — SET OF 3 WOODEN HEART DECORATIONS","23266 — SET OF 3 WOODEN STOCKING DECORATION","183","389","274","0.010714285714285714","0.4704370179948586","29.325052070628413"
"23266 — SET OF 3 WOODEN STOCKING DECORATION","23263 — SET OF 3 WOODEN HEART DECORATIONS","183","274","389","0.010714285714285714","0.6678832116788321","29.325052070628413"
"23295 — SET OF 12 MINI LOAF BAKING CASES","23296 — SET OF 6 TEA TIME BAKING CASES","190","359","318","0.011124121779859485","0.5292479108635098","28.42627143883254"
"23296 — SET OF 6 TEA TIME BAKING CASES","23295 — SET OF 12 MINI LOAF BAKING CASES","190","318","359","0.011124121779859485","0.5974842767295597","28.426271438832536"
"22577 — WOODEN HEART CHRISTMAS SCANDINAVIAN","22578 — WOODEN STAR CHRISTMAS SCANDINAVIAN","319","463","432","0.018676814988290397","0.6889848812095032","27.24042076633869"
"22578 — WOODEN STAR CHRISTMAS SCANDINAVIAN","22577 — WOODEN HEART CHRISTMAS SCANDINAVIAN","319","432","463","0.018676814988290397","0.7384259259259259","27.24042076633869"
"22749 — FELTCRAFT PRINCESS CHARLOTTE DOLL","22750 — FELTCRAFT PRINCESS LOLA DOLL","238","401","378","0.013934426229508197","0.5935162094763092","26.818139835596195"
"22750 — FELTCRAFT PRINCESS LOLA DOLL","22749 — FELTCRAFT PRINCESS CHARLOTTE DOLL","238","378","401","0.013934426229508197","0.6296296296296297","26.818139835596195"
"22579 — WOODEN TREE CHRISTMAS SCANDINAVIAN","22577 — WOODEN HEART CHRISTMAS SCANDINAVIAN","200","276","463","0.0117096018735363","0.7246376811594203","26.73177450151814"
"22577 — WOODEN HEART CHRISTMAS SCANDINAVIAN","22579 — WOODEN TREE CHRISTMAS SCANDINAVIAN","200","463","276","0.0117096018735363","0.4319654427645788","26.731774501518135"
"22142 — CHRISTMAS CRAFT WHITE FAIRY","22144 — CHRISTMAS CRAFT LITTLE FRIENDS","203","321","420","0.011885245901639344","0.632398753894081","25.71754932502596"
"22144 — CHRISTMAS CRAFT LITTLE FRIENDS","22142 — CHRISTMAS CRAFT WHITE FAIRY","203","420","321","0.011885245901639344","0.48333333333333334","25.71754932502596"
"23293 — SET OF 12 FAIRY CAKE BAKING CASES","23294 — SET OF 6 SNACK LOAF BAKING CASES","202","463","291","0.011826697892271663","0.43628509719222464","25.607386460629545"
"23294 — SET OF 6 SNACK LOAF BAKING CASES","23293 — SET OF 12 FAIRY CAKE BAKING CASES","202","291","463","0.011826697892271663","0.6941580756013745","25.607386460629538"
"22568 — FELTCRAFT CUSHION OWL","22570 — FELTCRAFT CUSHION RABBIT","200","417","324","0.0117096018735363","0.47961630695443647","25.283476922165974"
"22570 — FELTCRAFT CUSHION RABBIT","22568 — FELTCRAFT CUSHION OWL","200","324","417","0.0117096018735363","0.6172839506172839","25.28347692216597"
"23293 — SET OF 12 FAIRY CAKE BAKING CASES","23295 — SET OF 12 MINI LOAF BAKING CASES","246","463","359","0.014402810304449648","0.531317494600432","25.278280801602726"
"23295 — SET OF 12 MINI LOAF BAKING CASES","23293 — SET OF 12 FAIRY CAKE BAKING CASES","246","359","463","0.014402810304449648","0.6852367688022284","25.278280801602723"
"22698 — PINK REGENCY TEACUP AND SAUCER + 22699 — ROSES REGENCY TEACUP AND SAUCER","22423 — REGENCY CAKESTAND 3 TIER + 22697 — GREEN REGENCY TEACUP AND SAUCER","239","436","374","0.013992974238875877","0.5481651376146789","25.03385173919443"
"22423 — REGENCY CAKESTAND 3 TIER + 22697 — GREEN REGENCY TEACUP AND SAUCER","22698 — PINK REGENCY TEACUP AND SAUCER + 22699 — ROSES REGENCY TEACUP AND SAUCER","239","374","436","0.013992974238875877","0.6390374331550802","25.033851739194425"
"23293 — SET OF 12 FAIRY CAKE BAKING CASES","23296 — SET OF 6 TEA TIME BAKING CASES","215","463","318","0.012587822014051522","0.46436285097192226","24.941249983020228"
"23296 — SET OF 6 TEA TIME BAKING CASES","23293 — SET OF 12 FAIRY CAKE BAKING CASES","215","318","463","0.012587822014051522","0.6761006289308176","24.941249983020224"
"22423 — REGENCY CAKESTAND 3 TIER + 22698 — PINK REGENCY TEACUP AND SAUCER","22697 — GREEN REGENCY TEACUP AND SAUCER + 22699 — ROSES REGENCY TEACUP AND SAUCER","239","309","541","0.013992974238875877","0.7734627831715211","24.419120769999225"
"22697 — GREEN REGENCY TEACUP AND SAUCER + 22699 — ROSES REGENCY TEACUP AND SAUCER","22423 — REGENCY CAKESTAND 3 TIER + 22698 — PINK REGENCY TEACUP AND SAUCER","239","541","309","0.013992974238875877","0.4417744916820702","24.419120769999225"
"22568 — FELTCRAFT CUSHION OWL","22569 — FELTCRAFT CUSHION BUTTERFLY","175","417","294","0.010245901639344262","0.4196642685851319","24.380495603517186"
"22569 — FELTCRAFT CUSHION BUTTERFLY","22568 — FELTCRAFT CUSHION OWL","175","294","417","0.010245901639344262","0.5952380952380952","24.380495603517186"
"84997B — CHILDRENS CUTLERY RETROSPOT RED","84997D — CHILDRENS CUTLERY POLKADOT PINK","192","326","422","0.011241217798594848","0.588957055214724","23.837408775041432"
"84997D — CHILDRENS CUTLERY POLKADOT PINK","84997B — CHILDRENS CUTLERY RETROSPOT RED","192","422","326","0.011241217798594848","0.4549763033175355","23.837408775041432"
"22423 — REGENCY CAKESTAND 3 TIER + 22697 — GREEN REGENCY TEACUP AND SAUCER + 22699 — ROSES REGENCY TEACUP AND SAUCER","22698 — PINK REGENCY TEACUP AND SAUCER","239","312","551","0.013992974238875877","0.7660256410256411","23.745404625622413"
"22698 — PINK REGENCY TEACUP AND SAUCER","22423 — REGENCY CAKESTAND 3 TIER + 22697 — GREEN REGENCY TEACUP AND SAUCER + 22699 — ROSES REGENCY TEACUP AND SAUCER","239","551","312","0.013992974238875877","0.4337568058076225","23.74540462562241"
"23199 — JUMBO BAG APPLES + 23202 — JUMBO BAG VINTAGE LEAF","23200 — JUMBO BAG PEARS","183","284","469","0.010714285714285714","0.6443661971830986","23.466470464578517"
"23200 — JUMBO BAG PEARS","23199 — JUMBO BAG APPLES + 23202 — JUMBO BAG VINTAGE LEAF","183","469","284","0.010714285714285714","0.39019189765458423","23.466470464578517"
"22141 — CHRISTMAS CRAFT TREE TOP ANGEL","22144 — CHRISTMAS CRAFT LITTLE FRIENDS","198","348","420","0.011592505854800936","0.5689655172413793","23.13793103448276"
"22144 — CHRISTMAS CRAFT LITTLE FRIENDS","22141 — CHRISTMAS CRAFT TREE TOP ANGEL","198","420","348","0.011592505854800936","0.4714285714285714","23.137931034482758"
"22192 — BLUE DINER WALL CLOCK","22193 — RED DINER WALL CLOCK","188","337","416","0.011007025761124122","0.5578635014836796","22.904587993608768"
"22193 — RED DINER WALL CLOCK","22192 — BLUE DINER WALL CLOCK","188","416","337","0.011007025761124122","0.4519230769230769","22.904587993608768"
"22192 — BLUE DINER WALL CLOCK","22191 — IVORY DINER WALL CLOCK","175","337","391","0.010245901639344262","0.5192878338278932","22.683980055704392"
"22191 — IVORY DINER WALL CLOCK","22192 — BLUE DINER WALL CLOCK","175","391","337","0.010245901639344262","0.4475703324808184","22.68398005570439"
"22423 — REGENCY CAKESTAND 3 TIER + 22697 — GREEN REGENCY TEACUP AND SAUCER","22698 — PINK REGENCY TEACUP AND SAUCER","271","374","551","0.015866510538641687","0.7245989304812834","22.461251783339968"
"22698 — PINK REGENCY TEACUP AND SAUCER","22423 — REGENCY CAKESTAND 3 TIER + 22697 — GREEN REGENCY TEACUP AND SAUCER","271","551","374","0.015866510538641687","0.49183303085299457","22.461251783339968"
"22697 — GREEN REGENCY TEACUP AND SAUCER + 22699 — ROSES REGENCY TEACUP AND SAUCER","22698 — PINK REGENCY TEACUP AND SAUCER","390","541","551","0.022833723653395786","0.7208872458410351","22.346196295762034"
"22698 — PINK REGENCY TEACUP AND SAUCER","22697 — GREEN REGENCY TEACUP AND SAUCER + 22699 — ROSES REGENCY TEACUP AND SAUCER","390","551","541","0.022833723653395786","0.7078039927404719","22.346196295762034"
"22423 — REGENCY CAKESTAND 3 TIER + 22698 — PINK REGENCY TEACUP AND SAUCER + 22699 — ROSES REGENCY TEACUP AND SAUCER","22697 — GREEN REGENCY TEACUP AND SAUCER","239","265","691","0.013992974238875877","0.9018867924528302","22.29265761952871"
"22697 — GREEN REGENCY TEACUP AND SAUCER","22423 — REGENCY CAKESTAND 3 TIER + 22698 — PINK REGENCY TEACUP AND SAUCER + 22699 — ROSES REGENCY TEACUP AND SAUCER","239","691","265","0.013992974238875877","0.3458755426917511","22.29265761952871"
"22697 — GREEN REGENCY TEACUP AND SAUCER","22698 — PINK REGENCY TEACUP AND SAUCER + 22699 — ROSES REGENCY TEACUP AND SAUCER","390","691","436","0.022833723653395786","0.5643994211287988","22.109958974495147"
"22698 — PINK REGENCY TEACUP AND SAUCER + 22699 — ROSES REGENCY TEACUP AND SAUCER","22697 — GREEN REGENCY TEACUP AND SAUCER","390","436","691","0.022833723653395786","0.8944954128440367","22.109958974495147"
"23199 — JUMBO BAG APPLES + 23203 — JUMBO BAG VINTAGE DOILY","23200 — JUMBO BAG PEARS","194","322","469","0.01135831381733021","0.6024844720496895","21.941225549272275"
"23200 — JUMBO BAG PEARS","23199 — JUMBO BAG APPLES + 23203 — JUMBO BAG VINTAGE DOILY","194","469","322","0.01135831381733021","0.4136460554371002","21.94122554927227"
"22697 — GREEN REGENCY TEACUP AND SAUCER","22423 — REGENCY CAKESTAND 3 TIER + 22698 — PINK REGENCY TEACUP AND SAUCER","271","691","309","0.015866510538641687","0.3921852387843705","21.678070804003394"
"22423 — REGENCY CAKESTAND 3 TIER + 22698 — PINK REGENCY TEACUP AND SAUCER","22697 — GREEN REGENCY TEACUP AND SAUCER","271","309","691","0.015866510538641687","0.8770226537216829","21.67807080400339"
"84970L — SINGLE HEART ZINC T-LIGHT HOLDER","84970S — HANGING HEART ZINC T-LIGHT HOLDER","173","335","412","0.010128805620608899","0.5164179104477612","21.408781336038256"
"84970S — HANGING HEART ZINC T-LIGHT HOLDER","84970L — SINGLE HEART ZINC T-LIGHT HOLDER","173","412","335","0.010128805620608899","0.4199029126213592","21.408781336038253"
"22423 — REGENCY CAKESTAND 3 TIER + 22699 — ROSES REGENCY TEACUP AND SAUCER","22697 — GREEN REGENCY TEACUP AND SAUCER + 22698 — PINK REGENCY TEACUP AND SAUCER","239","420","460","0.013992974238875877","0.569047619047619","21.128985507246377"
"22697 — GREEN REGENCY TEACUP AND SAUCER + 22698 — PINK REGENCY TEACUP AND SAUCER","22423 — REGENCY CAKESTAND 3 TIER + 22699 — ROSES REGENCY TEACUP AND SAUCER","239","460","420","0.013992974238875877","0.5195652173913043","21.128985507246377"
"22191 — IVORY DINER WALL CLOCK","22193 — RED DINER WALL CLOCK","200","391","416","0.0117096018735363","0.5115089514066496","21.001377139484557"
"22193 — RED DINER WALL CLOCK","22191 — IVORY DINER WALL CLOCK","200","416","391","0.0117096018735363","0.4807692307692308","21.001377139484557"
"22697 — GREEN REGENCY TEACUP AND SAUCER","22698 — PINK REGENCY TEACUP AND SAUCER","460","691","551","0.026932084309133488","0.6657018813314037","20.635550150889976"
"22698 — PINK REGENCY TEACUP AND SAUCER","22697 — GREEN REGENCY TEACUP AND SAUCER","460","551","691","0.026932084309133488","0.8348457350272233","20.635550150889976"
"20724 — RED RETROSPOT CHARLOTTE BAG + 22355 — CHARLOTTE BAG SUKI DESIGN","20723 — STRAWBERRY CHARLOTTE BAG","174","298","492","0.010187353629976581","0.5838926174496645","20.270093304959897"
"20723 — STRAWBERRY CHARLOTTE BAG","20724 — RED RETROSPOT CHARLOTTE BAG + 22355 — CHARLOTTE BAG SUKI DESIGN","174","492","298","0.010187353629976581","0.35365853658536583","20.270093304959893"
"20724 — RED RETROSPOT CHARLOTTE BAG + 22355 — CHARLOTTE BAG SUKI DESIGN","22356 — CHARLOTTE BAG PINK POLKADOT","171","298","487","0.010011709601873536","0.5738255033557047","20.125132643358185"
"22356 — CHARLOTTE BAG PINK POLKADOT","20724 — RED RETROSPOT CHARLOTTE BAG + 22355 — CHARLOTTE BAG SUKI DESIGN","171","487","298","0.010011709601873536","0.351129363449692","20.125132643358185"
"22423 — REGENCY CAKESTAND 3 TIER + 22699 — ROSES REGENCY TEACUP AND SAUCER","22698 — PINK REGENCY TEACUP AND SAUCER","265","420","551","0.015515222482435597","0.6309523809523809","19.55837870538415"
"22698 — PINK REGENCY TEACUP AND SAUCER","22423 — REGENCY CAKESTAND 3 TIER + 22699 — ROSES REGENCY TEACUP AND SAUCER","265","551","420","0.015515222482435597","0.4809437386569873","19.55837870538415"
"22423 — REGENCY CAKESTAND 3 TIER + 22697 — GREEN REGENCY TEACUP AND SAUCER + 22698 — PINK REGENCY TEACUP AND SAUCER","22699 — ROSES REGENCY TEACUP AND SAUCER","239","271","780","0.013992974238875877","0.8819188191881919","19.311760809915793"
"22699 — ROSES REGENCY TEACUP AND SAUCER","22423 — REGENCY CAKESTAND 3 TIER + 22697 — GREEN REGENCY TEACUP AND SAUCER + 22698 — PINK REGENCY TEACUP AND SAUCER","239","780","271","0.013992974238875877","0.30641025641025643","19.311760809915793"
"21231 — SWEETHEART CERAMIC TRINKET BOX","21232 — STRAWBERRY CERAMIC TRINKET BOX","246","381","577","0.014402810304449648","0.6456692913385826","19.112706232344873"
"21232 — STRAWBERRY CERAMIC TRINKET BOX","21231 — SWEETHEART CERAMIC TRINKET BOX","246","577","381","0.014402810304449648","0.42634315424610053","19.112706232344873"
"22633 — HAND WARMER UNION JACK","23439 — HAND WARMER RED LOVE HEART","180","441","371","0.01053864168618267","0.40816326530612246","18.790912591451676"
"23439 — HAND WARMER RED LOVE HEART","22633 — HAND WARMER UNION JACK","180","371","441","0.01053864168618267","0.48517520215633425","18.790912591451676"
"22699 — ROSES REGENCY TEACUP AND SAUCER","22423 — REGENCY CAKESTAND 3 TIER + 22698 — PINK REGENCY TEACUP AND SAUCER","265","780","309","0.015515222482435597","0.33974358974358976","18.779354410422375"
"22423 — REGENCY CAKESTAND 3 TIER + 22698 — PINK REGENCY TEACUP AND SAUCER","22699 — ROSES REGENCY TEACUP AND SAUCER","265","309","780","0.015515222482435597","0.8576051779935275","18.77935441042237"
"23343 — JUMBO BAG VINTAGE CHRISTMAS","23344 — JUMBO BAG 50'S CHRISTMAS","245","383","582","0.014344262295081968","0.639686684073107","18.77293567692211"
"23344 — JUMBO BAG 50'S CHRISTMAS","23343 — JUMBO BAG VINTAGE CHRISTMAS","245","582","383","0.014344262295081968","0.4209621993127148","18.77293567692211"
"22697 — GREEN REGENCY TEACUP AND SAUCER + 22698 — PINK REGENCY TEACUP AND SAUCER","22699 — ROSES REGENCY TEACUP AND SAUCER","390","460","780","0.022833723653395786","0.8478260869565217","18.565217391304348"
"22699 — ROSES REGENCY TEACUP AND SAUCER","22697 — GREEN REGENCY TEACUP AND SAUCER + 22698 — PINK REGENCY TEACUP AND SAUCER","390","780","460","0.022833723653395786","0.5","18.565217391304348"
"22867 — HAND WARMER BIRD DESIGN","22866 — HAND WARMER SCOTTY DOG DESIGN","240","473","470","0.01405152224824356","0.507399577167019","18.43911654896316"
"22866 — HAND WARMER SCOTTY DOG DESIGN","22867 — HAND WARMER BIRD DESIGN","240","470","473","0.01405152224824356","0.5106382978723404","18.439116548963156"
"22423 — REGENCY CAKESTAND 3 TIER + 22699 — ROSES REGENCY TEACUP AND SAUCER","22697 — GREEN REGENCY TEACUP AND SAUCER","312","420","691","0.01826697892271663","0.7428571428571429","18.36179450072359"
"22697 — GREEN REGENCY TEACUP AND SAUCER","22423 — REGENCY CAKESTAND 3 TIER + 22699 — ROSES REGENCY TEACUP AND SAUCER","312","691","420","0.01826697892271663","0.4515195369030391","18.36179450072359"
"22699 — ROSES REGENCY TEACUP AND SAUCER","22423 — REGENCY CAKESTAND 3 TIER + 22697 — GREEN REGENCY TEACUP AND SAUCER","312","780","374","0.01826697892271663","0.4","18.267379679144387"
"22423 — REGENCY CAKESTAND 3 TIER + 22697 — GREEN REGENCY TEACUP AND SAUCER","22699 — ROSES REGENCY TEACUP AND SAUCER","312","374","780","0.01826697892271663","0.8342245989304813","18.267379679144383"
"22632 — HAND WARMER RED RETROSPOT","22866 — HAND WARMER SCOTTY DOG DESIGN","180","359","470","0.01053864168618267","0.5013927576601671","18.220826171990755"
"22866 — HAND WARMER SCOTTY DOG DESIGN","22632 — HAND WARMER RED RETROSPOT","180","470","359","0.01053864168618267","0.3829787234042553","18.220826171990755"
"23200 — JUMBO BAG PEARS + 23202 — JUMBO BAG VINTAGE LEAF","23199 — JUMBO BAG APPLES","183","240","716","0.010714285714285714","0.7625","18.189245810055866"
"22865 — HAND WARMER OWL DESIGN","22866 — HAND WARMER SCOTTY DOG DESIGN","281","571","470","0.016451990632318503","0.4921190893169877","17.88381711815777"
"22866 — HAND WARMER SCOTTY DOG DESIGN","22865 — HAND WARMER OWL DESIGN","281","470","571","0.016451990632318503","0.597872340425532","17.88381711815777"
"22866 — HAND WARMER SCOTTY DOG DESIGN","23439 — HAND WARMER RED LOVE HEART","181","470","371","0.010597189695550352","0.3851063829787234","17.729425933360098"
"23439 — HAND WARMER RED LOVE HEART","22866 — HAND WARMER SCOTTY DOG DESIGN","181","371","470","0.010597189695550352","0.48787061994609165","17.729425933360098"
"21929 — JUMBO BAG PINK VINTAGE PAISLEY + 85099B — JUMBO BAG RED RETROSPOT","21928 — JUMBO BAG SCANDINAVIAN BLUE PAISLEY","184","331","541","0.010772833723653397","0.5558912386706949","17.55013374583266"
"21928 — JUMBO BAG SCANDINAVIAN BLUE PAISLEY","21929 — JUMBO BAG PINK VINTAGE PAISLEY + 85099B — JUMBO BAG RED RETROSPOT","184","541","331","0.010772833723653397","0.34011090573012936","17.550133745832657"
"21086 — SET/6 RED SPOTTY PAPER CUPS + 21094 — SET/6 RED SPOTTY PAPER PLATES","21080 — SET/20 RED RETROSPOT PAPER NAPKINS","177","236","730","0.010362997658079626","0.75","17.547945205479454"
"22355 — CHARLOTTE BAG SUKI DESIGN + 22356 — CHARLOTTE BAG PINK POLKADOT","20724 — RED RETROSPOT CHARLOTTE BAG","171","227","739","0.010011709601873536","0.7533039647577092","17.41059772403474"
"22367 — CHILDRENS APRON SPACEBOY DESIGN","47591D — PINK FAIRY CAKE CHILDRENS APRON","180","448","396","0.01053864168618267","0.4017857142857143","17.329545454545457"
"47591D — PINK FAIRY CAKE CHILDRENS APRON","22367 — CHILDRENS APRON SPACEBOY DESIGN","180","396","448","0.01053864168618267","0.45454545454545453","17.329545454545453"
"22698 — PINK REGENCY TEACUP AND SAUCER","22699 — ROSES REGENCY TEACUP AND SAUCER","436","551","780","0.025526932084309135","0.7912885662431942","17.327190655684305"
"22699 — ROSES REGENCY TEACUP AND SAUCER","22698 — PINK REGENCY TEACUP AND SAUCER","436","780","551","0.025526932084309135","0.558974358974359","17.327190655684305"
"20723 — STRAWBERRY CHARLOTTE BAG + 20724 — RED RETROSPOT CHARLOTTE BAG","22355 — CHARLOTTE BAG SUKI DESIGN","174","296","583","0.010187353629976581","0.5878378378378378","17.22173288211024"
"20723 — STRAWBERRY CHARLOTTE BAG + 22355 — CHARLOTTE BAG SUKI DESIGN","20724 — RED RETROSPOT CHARLOTTE BAG","174","234","739","0.010187353629976581","0.7435897435897436","17.186079594739947"
"22697 — GREEN REGENCY TEACUP AND SAUCER","22699 — ROSES REGENCY TEACUP AND SAUCER","541","691","780","0.03167447306791569","0.7829232995658466","17.14401276485213"
"22699 — ROSES REGENCY TEACUP AND SAUCER","22697 — GREEN REGENCY TEACUP AND SAUCER","541","780","691","0.03167447306791569","0.6935897435897436","17.14401276485213"
"23200 — JUMBO BAG PEARS + 23203 — JUMBO BAG VINTAGE DOILY","23199 — JUMBO BAG APPLES","194","271","716","0.01135831381733021","0.7158671586715867","17.076831103506564"
"22624 — IVORY KITCHEN SCALES","22627 — MINT KITCHEN SCALES","186","617","304","0.01088992974238876","0.3014586709886548","16.937217435809945"
"22627 — MINT KITCHEN SCALES","22624 — IVORY KITCHEN SCALES","186","304","617","0.01088992974238876","0.6118421052631579","16.937217435809945"
"22383 — LUNCH BAG SUKI DESIGN + 22384 — LUNCH BAG PINK POLKADOT","20725 — LUNCH BAG RED RETROSPOT + 20728 — LUNCH BAG CARS BLUE","182","400","459","0.010655737704918032","0.455","16.931154684095862"
"20725 — LUNCH BAG RED RETROSPOT + 20728 — LUNCH BAG CARS BLUE","22383 — LUNCH BAG SUKI DESIGN + 22384 — LUNCH BAG PINK POLKADOT","182","459","400","0.010655737704918032","0.39651416122004357","16.93115468409586"
"22865 — HAND WARMER OWL DESIGN","22867 — HAND WARMER BIRD DESIGN","267","571","473","0.01563231850117096","0.46760070052539404","16.885031638422262"
"22867 — HAND WARMER BIRD DESIGN","22865 — HAND WARMER OWL DESIGN","267","473","571","0.01563231850117096","0.5644820295983086","16.885031638422262"
"22727 — ALARM CLOCK BAKELIKE RED + 22728 — ALARM CLOCK BAKELIKE PINK","22730 — ALARM CLOCK BAKELIKE IVORY","181","396","467","0.010597189695550352","0.45707070707070707","16.716847273592457"
"22730 — ALARM CLOCK BAKELIKE IVORY","22727 — ALARM CLOCK BAKELIKE RED + 22728 — ALARM CLOCK BAKELIKE PINK","181","467","396","0.010597189695550352","0.3875802997858672","16.716847273592457"
"22629 — SPACEBOY LUNCH BOX","22630 — DOLLY GIRL LUNCH BOX","424","704","616","0.024824355971896955","0.6022727272727273","16.699380165289256"
"22630 — DOLLY GIRL LUNCH BOX","22629 — SPACEBOY LUNCH BOX","424","616","704","0.024824355971896955","0.6883116883116883","16.699380165289256"
"82486 — WOOD S/3 CABINET ANT WHITE FINISH","82483 — WOOD 2 DRAWER CABINET WHITE FINISH","274","557","506","0.01604215456674473","0.4919210053859964","16.60476437152731"
"82483 — WOOD 2 DRAWER CABINET WHITE FINISH","82486 — WOOD S/3 CABINET ANT WHITE FINISH","274","506","557","0.01604215456674473","0.541501976284585","16.604764371527306"
"22624 — IVORY KITCHEN SCALES","22625 — RED KITCHEN SCALES","265","617","443","0.015515222482435597","0.42949756888168555","16.559409653497042"
"22625 — RED KITCHEN SCALES","22624 — IVORY KITCHEN SCALES","265","443","617","0.015515222482435597","0.5981941309255079","16.559409653497042"
"23300 — GARDENERS KNEELING PAD CUP OF TEA","23301 — GARDENERS KNEELING PAD KEEP CALM","463","634","755","0.027107728337236535","0.7302839116719243","16.520859882591346"
"23301 — GARDENERS KNEELING PAD KEEP CALM","23300 — GARDENERS KNEELING PAD CUP OF TEA","463","755","634","0.027107728337236535","0.6132450331125828","16.520859882591346"
"21080 — SET/20 RED RETROSPOT PAPER NAPKINS","21094 — SET/6 RED SPOTTY PAPER PLATES","229","730","325","0.013407494145199064","0.3136986301369863","16.486069546891464"
"21094 — SET/6 RED SPOTTY PAPER PLATES","21080 — SET/20 RED RETROSPOT PAPER NAPKINS","229","325","730","0.013407494145199064","0.7046153846153846","16.486069546891464"
"22328 — ROUND SNACK BOXES SET OF 4 FRUITS","22326 — ROUND SNACK BOXES SET OF4 WOODLAND","262","457","595","0.015339578454332552","0.5733041575492341","16.45720169906037"
"22326 — ROUND SNACK BOXES SET OF4 WOODLAND","22328 — ROUND SNACK BOXES SET OF 4 FRUITS","262","595","457","0.015339578454332552","0.4403361344537815","16.457201699060366"
"20971 — PINK BLUE FELT CRAFT TRINKET BOX","20972 — PINK CREAM FELT CRAFT TRINKET BOX","235","457","535","0.013758782201405152","0.5142231947483589","16.416695637947605"
"20972 — PINK CREAM FELT CRAFT TRINKET BOX","20971 — PINK BLUE FELT CRAFT TRINKET BOX","235","535","457","0.013758782201405152","0.4392523364485981","16.416695637947605"
"23439 — HAND WARMER RED LOVE HEART","22865 — HAND WARMER OWL DESIGN","203","371","571","0.011885245901639344","0.5471698113207547","16.36718104616198"
"22865 — HAND WARMER OWL DESIGN","23439 — HAND WARMER RED LOVE HEART","203","571","371","0.011885245901639344","0.3555166374781086","16.367181046161978"
"21928 — JUMBO BAG SCANDINAVIAN BLUE PAISLEY + 85099B — JUMBO BAG RED RETROSPOT","21929 — JUMBO BAG PINK VINTAGE PAISLEY","184","320","602","0.010772833723653397","0.575","16.313953488372093"
"21929 — JUMBO BAG PINK VINTAGE PAISLEY","21928 — JUMBO BAG SCANDINAVIAN BLUE PAISLEY + 85099B — JUMBO BAG RED RETROSPOT","184","602","320","0.010772833723653397","0.30564784053156147","16.313953488372093"
"23322 — LARGE WHITE HEART OF WICKER","23321 — SMALL WHITE HEART OF WICKER","281","510","582","0.016451990632318503","0.5509803921568628","16.169665116905872"
"23321 — SMALL WHITE HEART OF WICKER","23322 — LARGE WHITE HEART OF WICKER","281","582","510","0.016451990632318503","0.48281786941580757","16.16966511690587"
"21915 — RED HARMONICA IN BOX","21914 — BLUE HARMONICA IN BOX","272","558","517","0.01592505854800937","0.4874551971326165","16.103935719584314"
"21914 — BLUE HARMONICA IN BOX","21915 — RED HARMONICA IN BOX","272","517","558","0.01592505854800937","0.5261121856866537","16.10393571958431"
"22727 — ALARM CLOCK BAKELIKE RED + 22730 — ALARM CLOCK BAKELIKE IVORY","22728 — ALARM CLOCK BAKELIKE PINK","181","314","613","0.010597189695550352","0.5764331210191083","16.061138184349705"
"84380 — SET OF 3 BUTTERFLY COOKIE CUTTERS","84378 — SET OF 3 HEART COOKIE CUTTERS","243","498","520","0.014227166276346605","0.4879518072289157","16.02734012974977"
"84378 — SET OF 3 HEART COOKIE CUTTERS","84380 — SET OF 3 BUTTERFLY COOKIE CUTTERS","243","520","498","0.014227166276346605","0.4673076923076923","16.027340129749767"
"22555 — PLASTERS IN TIN STRONGMAN","22556 — PLASTERS IN TIN CIRCUS PARADE","219","449","521","0.012822014051522248","0.48775055679287305","15.989979865685742"
"22556 — PLASTERS IN TIN CIRCUS PARADE","22555 — PLASTERS IN TIN STRONGMAN","219","521","449","0.012822014051522248","0.42034548944337813","15.989979865685742"
"21086 — SET/6 RED SPOTTY PAPER CUPS","21080 — SET/20 RED RETROSPOT PAPER NAPKINS","192","283","730","0.011241217798594848","0.6784452296819788","15.873759620504382"
"23199 — JUMBO BAG APPLES","23200 — JUMBO BAG PEARS","312","716","469","0.01826697892271663","0.43575418994413406","15.869257066622197"
"23200 — JUMBO BAG PEARS","23199 — JUMBO BAG APPLES","312","469","716","0.01826697892271663","0.6652452025586354","15.869257066622195"
"22632 — HAND WARMER RED RETROSPOT","22865 — HAND WARMER OWL DESIGN","188","359","571","0.011007025761124122","0.5236768802228412","15.664450287576406"
"22865 — HAND WARMER OWL DESIGN","22632 — HAND WARMER RED RETROSPOT","188","571","359","0.011007025761124122","0.329246935201401","15.664450287576406"
"22633 — HAND WARMER UNION JACK","22866 — HAND WARMER SCOTTY DOG DESIGN","190","441","470","0.011124121779859485","0.4308390022675737","15.656872678149275"
"22866 — HAND WARMER SCOTTY DOG DESIGN","22633 — HAND WARMER UNION JACK","190","470","441","0.011124121779859485","0.40425531914893614","15.656872678149272"
"20724 — RED RETROSPOT CHARLOTTE BAG + 22356 — CHARLOTTE BAG PINK POLKADOT","22355 — CHARLOTTE BAG SUKI DESIGN","171","322","583","0.010011709601873536","0.531055900621118","15.558207174285926"
"20725 — LUNCH BAG RED RETROSPOT + 20728 — LUNCH BAG CARS BLUE","20727 — LUNCH BAG BLACK SKULL + 22384 — LUNCH BAG PINK POLKADOT","193","459","464","0.01129976580796253","0.420479302832244","15.477988130117946"
"20727 — LUNCH BAG BLACK SKULL + 22384 — LUNCH BAG PINK POLKADOT","20725 — LUNCH BAG RED RETROSPOT + 20728 — LUNCH BAG CARS BLUE","193","464","459","0.01129976580796253","0.41594827586206895","15.477988130117946"
"20724 — RED RETROSPOT CHARLOTTE BAG","22356 — CHARLOTTE BAG PINK POLKADOT","322","739","487","0.018852459016393444","0.435723951285521","15.28165315802197"
"22356 — CHARLOTTE BAG PINK POLKADOT","20724 — RED RETROSPOT CHARLOTTE BAG","322","487","739","0.018852459016393444","0.6611909650924025","15.281653158021967"
"22383 — LUNCH BAG SUKI DESIGN + 22384 — LUNCH BAG PINK POLKADOT","20725 — LUNCH BAG RED RETROSPOT + 20727 — LUNCH BAG BLACK SKULL","185","400","517","0.010831381733021077","0.4625","15.279497098646035"
"20725 — LUNCH BAG RED RETROSPOT + 20727 — LUNCH BAG BLACK SKULL","22383 — LUNCH BAG SUKI DESIGN + 22384 — LUNCH BAG PINK POLKADOT","185","517","400","0.010831381733021077","0.3578336557059961","15.279497098646033"
"22726 — ALARM CLOCK BAKELIKE GREEN + 22730 — ALARM CLOCK BAKELIKE IVORY","22727 — ALARM CLOCK BAKELIKE RED","215","275","877","0.012587822014051522","0.7818181818181819","15.226287965170519"
"22355 — CHARLOTTE BAG SUKI DESIGN","22661 — CHARLOTTE BAG DOLLY GIRL DESIGN","178","583","343","0.010421545667447307","0.3053173241852487","15.203556551265446"
"22661 — CHARLOTTE BAG DOLLY GIRL DESIGN","22355 — CHARLOTTE BAG SUKI DESIGN","178","343","583","0.010421545667447307","0.5189504373177842","15.203556551265445"
"22727 — ALARM CLOCK BAKELIKE RED","22726 — ALARM CLOCK BAKELIKE GREEN + 22728 — ALARM CLOCK BAKELIKE PINK","267","877","343","0.01563231850117096","0.30444697833523376","15.160216880366743"
"22726 — ALARM CLOCK BAKELIKE GREEN + 22728 — ALARM CLOCK BAKELIKE PINK","22727 — ALARM CLOCK BAKELIKE RED","267","343","877","0.01563231850117096","0.7784256559766763","15.16021688036674"
"22725 — ALARM CLOCK BAKELIKE CHOCOLATE","22728 — ALARM CLOCK BAKELIKE PINK","175","322","613","0.010245901639344262","0.5434782608695652","15.142917937442371"
"21975 — PACK OF 60 DINOSAUR CAKE CASES","22417 — PACK OF 60 SPACEBOY CAKE CASES","190","528","407","0.011124121779859485","0.35984848484848486","15.101258283076465"
"22417 — PACK OF 60 SPACEBOY CAKE CASES","21975 — PACK OF 60 DINOSAUR CAKE CASES","190","407","528","0.011124121779859485","0.4668304668304668","15.101258283076463"
"22728 — ALARM CLOCK BAKELIKE PINK + 22730 — ALARM CLOCK BAKELIKE IVORY","22727 — ALARM CLOCK BAKELIKE RED","181","234","877","0.010597189695550352","0.7735042735042735","15.064370571782202"
"20725 — LUNCH BAG RED RETROSPOT + 22384 — LUNCH BAG PINK POLKADOT","20727 — LUNCH BAG BLACK SKULL + 20728 — LUNCH BAG CARS BLUE","193","523","421","0.01129976580796253","0.3690248565965583","14.971364728430443"
"20727 — LUNCH BAG BLACK SKULL + 20728 — LUNCH BAG CARS BLUE","20725 — LUNCH BAG RED RETROSPOT + 22384 — LUNCH BAG PINK POLKADOT","193","421","523","0.01129976580796253","0.4584323040380047","14.97136472843044"
"20725 — LUNCH BAG RED RETROSPOT + 20727 — LUNCH BAG BLACK SKULL","20728 — LUNCH BAG CARS BLUE + 22384 — LUNCH BAG PINK POLKADOT","193","517","427","0.01129976580796253","0.3733075435203095","14.93230174081238"
"20728 — LUNCH BAG CARS BLUE + 22384 — LUNCH BAG PINK POLKADOT","20725 — LUNCH BAG RED RETROSPOT + 20727 — LUNCH BAG BLACK SKULL","193","427","517","0.01129976580796253","0.4519906323185012","14.93230174081238"
"22727 — ALARM CLOCK BAKELIKE RED + 22730 — ALARM CLOCK BAKELIKE IVORY","22726 — ALARM CLOCK BAKELIKE GREEN","215","314","784","0.012587822014051522","0.6847133757961783","14.916969972702457"
"20723 — STRAWBERRY CHARLOTTE BAG","22356 — CHARLOTTE BAG PINK POLKADOT","209","492","487","0.012236533957845434","0.4247967479674797","14.89841571927013"
"22356 — CHARLOTTE BAG PINK POLKADOT","20723 — STRAWBERRY CHARLOTTE BAG","209","487","492","0.012236533957845434","0.42915811088295686","14.89841571927013"
"22726 — ALARM CLOCK BAKELIKE GREEN + 22727 — ALARM CLOCK BAKELIKE RED","22730 — ALARM CLOCK BAKELIKE IVORY","215","530","467","0.012587822014051522","0.4056603773584906","14.83657225970668"
"22730 — ALARM CLOCK BAKELIKE IVORY","22726 — ALARM CLOCK BAKELIKE GREEN + 22727 — ALARM CLOCK BAKELIKE RED","215","467","530","0.012587822014051522","0.4603854389721627","14.836572259706678"
"21928 — JUMBO BAG SCANDINAVIAN BLUE PAISLEY","21929 — JUMBO BAG PINK VINTAGE PAISLEY","282","541","602","0.01651053864168618","0.5212569316081331","14.789150152602847"
"21929 — JUMBO BAG PINK VINTAGE PAISLEY","21928 — JUMBO BAG SCANDINAVIAN BLUE PAISLEY","282","602","541","0.01651053864168618","0.4684385382059801","14.789150152602847"
"22138 — BAKING SET 9 PIECE RETROSPOT","22617 — BAKING SET SPACEBOY DESIGN","311","851","423","0.018208430913348946","0.3654524089306698","14.756328946893241"
"22617 — BAKING SET SPACEBOY DESIGN","22138 — BAKING SET 9 PIECE RETROSPOT","311","423","851","0.018208430913348946","0.735224586288416","14.75632894689324"
"22726 — ALARM CLOCK BAKELIKE GREEN","22727 — ALARM CLOCK BAKELIKE RED + 22728 — ALARM CLOCK BAKELIKE PINK","267","784","396","0.01563231850117096","0.3405612244897959","14.688852813852815"
"22727 — ALARM CLOCK BAKELIKE RED + 22728 — ALARM CLOCK BAKELIKE PINK","22726 — ALARM CLOCK BAKELIKE GREEN","267","396","784","0.01563231850117096","0.6742424242424242","14.688852813852813"
"22551 — PLASTERS IN TIN SPACEBOY","22554 — PLASTERS IN TIN WOODLAND ANIMALS","292","579","587","0.017096018735362997","0.5043177892918825","14.67418712283706"
"22554 — PLASTERS IN TIN WOODLAND ANIMALS","22551 — PLASTERS IN TIN SPACEBOY","292","587","579","0.017096018735362997","0.49744463373083475","14.67418712283706"
"20725 — LUNCH BAG RED RETROSPOT + 20728 — LUNCH BAG CARS BLUE","20727 — LUNCH BAG BLACK SKULL + 22383 — LUNCH BAG SUKI DESIGN","183","459","465","0.010714285714285714","0.39869281045751637","14.644458500245978"
"20727 — LUNCH BAG BLACK SKULL + 22383 — LUNCH BAG SUKI DESIGN","20725 — LUNCH BAG RED RETROSPOT + 20728 — LUNCH BAG CARS BLUE","183","465","459","0.010714285714285714","0.3935483870967742","14.644458500245976"
"20727 — LUNCH BAG BLACK SKULL + 20728 — LUNCH BAG CARS BLUE","20725 — LUNCH BAG RED RETROSPOT + 22383 — LUNCH BAG SUKI DESIGN","183","421","519","0.010714285714285714","0.4346793349168646","14.305054027707222"
"20725 — LUNCH BAG RED RETROSPOT + 22383 — LUNCH BAG SUKI DESIGN","20727 — LUNCH BAG BLACK SKULL + 20728 — LUNCH BAG CARS BLUE","183","519","421","0.010714285714285714","0.35260115606936415","14.30505402770722"
"22556 — PLASTERS IN TIN CIRCUS PARADE","22554 — PLASTERS IN TIN WOODLAND ANIMALS","256","521","587","0.014988290398126464","0.491362763915547","14.297233403198542"
"22554 — PLASTERS IN TIN WOODLAND ANIMALS","22556 — PLASTERS IN TIN CIRCUS PARADE","256","587","521","0.014988290398126464","0.43611584327086883","14.29723340319854"
"22725 — ALARM CLOCK BAKELIKE CHOCOLATE","22726 — ALARM CLOCK BAKELIKE GREEN","210","322","784","0.012295081967213115","0.6521739130434783","14.208074534161492"
"22633 — HAND WARMER UNION JACK","22865 — HAND WARMER OWL DESIGN","209","441","571","0.012236533957845434","0.47392290249433106","14.176187696327801"
"22865 — HAND WARMER OWL DESIGN","22633 — HAND WARMER UNION JACK","209","571","441","0.012236533957845434","0.3660245183887916","14.1761876963278"
"22726 — ALARM CLOCK BAKELIKE GREEN + 22727 — ALARM CLOCK BAKELIKE RED","22728 — ALARM CLOCK BAKELIKE PINK","267","530","613","0.01563231850117096","0.5037735849056604","14.036627781710735"
"22728 — ALARM CLOCK BAKELIKE PINK","22726 — ALARM CLOCK BAKELIKE GREEN + 22727 — ALARM CLOCK BAKELIKE RED","267","613","530","0.01563231850117096","0.4355628058727569","14.036627781710733"
"22112 — CHOCOLATE HOT WATER BOTTLE","22835 — HOT WATER BOTTLE I AM SO POORLY","288","694","505","0.01686182669789227","0.414985590778098","14.035552258395867"
"22835 — HOT WATER BOTTLE I AM SO POORLY","22112 — CHOCOLATE HOT WATER BOTTLE","288","505","694","0.01686182669789227","0.5702970297029702","14.035552258395867"
"20728 — LUNCH BAG CARS BLUE + 22384 — LUNCH BAG PINK POLKADOT","20725 — LUNCH BAG RED RETROSPOT + 22383 — LUNCH BAG SUKI DESIGN","182","427","519","0.010655737704918032","0.4262295081967213","14.026974951830443"
"20725 — LUNCH BAG RED RETROSPOT + 22383 — LUNCH BAG SUKI DESIGN","20728 — LUNCH BAG CARS BLUE + 22384 — LUNCH BAG PINK POLKADOT","182","519","427","0.010655737704918032","0.35067437379576105","14.026974951830441"
"20719 — WOODLAND CHARLOTTE BAG","20723 — STRAWBERRY CHARLOTTE BAG","214","530","492","0.01252927400468384","0.4037735849056604","14.017180549163983"
"20723 — STRAWBERRY CHARLOTTE BAG","20719 — WOODLAND CHARLOTTE BAG","214","492","530","0.01252927400468384","0.4349593495934959","14.017180549163982"
"22952 — 60 CAKE CASES VINTAGE CHRISTMAS","22909 — SET OF 20 VINTAGE CHRISTMAS NAPKINS","187","467","489","0.01094847775175644","0.4004282655246253","13.98632878355951"
"22909 — SET OF 20 VINTAGE CHRISTMAS NAPKINS","22952 — 60 CAKE CASES VINTAGE CHRISTMAS","187","489","467","0.01094847775175644","0.3824130879345603","13.986328783559507"
"22729 — ALARM CLOCK BAKELIKE ORANGE","22728 — ALARM CLOCK BAKELIKE PINK","180","359","613","0.01053864168618267","0.5013927576601671","13.970290865963548"
"22730 — ALARM CLOCK BAKELIKE IVORY","22728 — ALARM CLOCK BAKELIKE PINK","234","467","613","0.013700234192037471","0.5010706638115632","13.96131637504323"
"22728 — ALARM CLOCK BAKELIKE PINK","22730 — ALARM CLOCK BAKELIKE IVORY","234","613","467","0.013700234192037471","0.3817292006525285","13.961316375043227"
"22355 — CHARLOTTE BAG SUKI DESIGN","20723 — STRAWBERRY CHARLOTTE BAG","234","583","492","0.013700234192037471","0.4013722126929674","13.933815839016024"
"20723 — STRAWBERRY CHARLOTTE BAG","22355 — CHARLOTTE BAG SUKI DESIGN","234","492","583","0.013700234192037471","0.47560975609756095","13.933815839016022"
"20723 — STRAWBERRY CHARLOTTE BAG","20724 — RED RETROSPOT CHARLOTTE BAG","296","492","739","0.017330210772833723","0.6016260162601627","13.904969360925003"
"20724 — RED RETROSPOT CHARLOTTE BAG","20723 — STRAWBERRY CHARLOTTE BAG","296","739","492","0.017330210772833723","0.40054127198917455","13.904969360925003"
"22556 — PLASTERS IN TIN CIRCUS PARADE","22551 — PLASTERS IN TIN SPACEBOY","245","521","579","0.014344262295081968","0.47024952015355087","13.871954756861225"
"22551 — PLASTERS IN TIN SPACEBOY","22556 — PLASTERS IN TIN CIRCUS PARADE","245","579","521","0.014344262295081968","0.4231433506044905","13.871954756861223"
"22725 — ALARM CLOCK BAKELIKE CHOCOLATE","22727 — ALARM CLOCK BAKELIKE RED","226","322","877","0.013231850117096019","0.7018633540372671","13.669128947498884"
"82494L — WOODEN FRAME ANTIQUE WHITE + 85123A — WHITE HANGING HEART T-LIGHT HOLDER","82482 — WOODEN PICTURE FRAME WHITE FINISH","179","256","874","0.010480093676814989","0.69921875","13.664366418764303"
"22355 — CHARLOTTE BAG SUKI DESIGN","22356 — CHARLOTTE BAG PINK POLKADOT","227","583","487","0.0132903981264637","0.3893653516295026","13.655770443186663"
"22356 — CHARLOTTE BAG PINK POLKADOT","22355 — CHARLOTTE BAG SUKI DESIGN","227","487","583","0.0132903981264637","0.46611909650924027","13.655770443186661"
"20727 — LUNCH BAG BLACK SKULL + 22382 — LUNCH BAG SPACEBOY DESIGN","20725 — LUNCH BAG RED RETROSPOT + 22383 — LUNCH BAG SUKI DESIGN","173","418","519","0.010128805620608899","0.4138755980861244","13.620414673046252"
"20725 — LUNCH BAG RED RETROSPOT + 22383 — LUNCH BAG SUKI DESIGN","20727 — LUNCH BAG BLACK SKULL + 22382 — LUNCH BAG SPACEBOY DESIGN","173","519","418","0.010128805620608899","0.3333333333333333","13.62041467304625"
"20725 — LUNCH BAG RED RETROSPOT + 22382 — LUNCH BAG SPACEBOY DESIGN","20727 — LUNCH BAG BLACK SKULL + 22383 — LUNCH BAG SUKI DESIGN","173","467","465","0.010128805620608899","0.37044967880085655","13.607054868642216"
"20727 — LUNCH BAG BLACK SKULL + 22383 — LUNCH BAG SUKI DESIGN","20725 — LUNCH BAG RED RETROSPOT + 22382 — LUNCH BAG SPACEBOY DESIGN","173","465","467","0.010128805620608899","0.3720430107526882","13.607054868642214"
"20725 — LUNCH BAG RED RETROSPOT + 20727 — LUNCH BAG BLACK SKULL + 20728 — LUNCH BAG CARS BLUE","22384 — LUNCH BAG PINK POLKADOT","193","262","930","0.01129976580796253","0.7366412213740458","13.528851678568497"
"23206 — LUNCH BAG APPLE DESIGN + 23209 — LUNCH BAG VINTAGE DOILY","23208 — LUNCH BAG VINTAGE LEAF DESIGN","178","380","595","0.010421545667447307","0.46842105263157896","13.446439628482974"
"20719 — WOODLAND CHARLOTTE BAG","22355 — CHARLOTTE BAG SUKI DESIGN","242","530","583","0.014168618266978922","0.45660377358490567","13.377002491990032"
"22355 — CHARLOTTE BAG SUKI DESIGN","20719 — WOODLAND CHARLOTTE BAG","242","583","530","0.014168618266978922","0.41509433962264153","13.377002491990032"
"20725 — LUNCH BAG RED RETROSPOT + 20727 — LUNCH BAG BLACK SKULL","20728 — LUNCH BAG CARS BLUE + 22383 — LUNCH BAG SUKI DESIGN","183","517","452","0.010714285714285714","0.3539651837524178","13.37549853648517"
"20728 — LUNCH BAG CARS BLUE + 22383 — LUNCH BAG SUKI DESIGN","20725 — LUNCH BAG RED RETROSPOT + 20727 — LUNCH BAG BLACK SKULL","183","452","517","0.010714285714285714","0.40486725663716816","13.375498536485168"
"22729 — ALARM CLOCK BAKELIKE ORANGE","22726 — ALARM CLOCK BAKELIKE GREEN","220","359","784","0.01288056206088993","0.6128133704735376","13.350576999602069"
"21212 — PACK OF 72 RETROSPOT CAKE CASES + 21977 — PACK OF 60 PINK PAISLEY CAKE CASES","84991 — 60 TEATIME FAIRY CAKE CASES","172","335","657","0.010070257611241218","0.5134328358208955","13.347690769894816"
"22729 — ALARM CLOCK BAKELIKE ORANGE","22727 — ALARM CLOCK BAKELIKE RED","246","359","877","0.014402810304449648","0.6852367688022284","13.34531814269334"
"21212 — PACK OF 72 RETROSPOT CAKE CASES + 84991 — 60 TEATIME FAIRY CAKE CASES","21977 — PACK OF 60 PINK PAISLEY CAKE CASES","172","330","669","0.010070257611241218","0.5212121212121212","13.306880463831138"
"20726 — LUNCH BAG WOODLAND + 22382 — LUNCH BAG SPACEBOY DESIGN","22662 — LUNCH BAG DOLLY GIRL DESIGN","187","405","597","0.01094847775175644","0.4617283950617284","13.209917902268545"
"22662 — LUNCH BAG DOLLY GIRL DESIGN","20726 — LUNCH BAG WOODLAND + 22382 — LUNCH BAG SPACEBOY DESIGN","187","597","405","0.01094847775175644","0.3132328308207705","13.209917902268545"
"22727 — ALARM CLOCK BAKELIKE RED","22726 — ALARM CLOCK BAKELIKE GREEN","530","877","784","0.031030444964871194","0.6043329532497149","13.16582505294022"
"22726 — ALARM CLOCK BAKELIKE GREEN","22727 — ALARM CLOCK BAKELIKE RED","530","784","877","0.031030444964871194","0.6760204081632653","13.165825052940216"
"20725 — LUNCH BAG RED RETROSPOT + 22384 — LUNCH BAG PINK POLKADOT","20728 — LUNCH BAG CARS BLUE + 22383 — LUNCH BAG SUKI DESIGN","182","523","452","0.010655737704918032","0.3479923518164436","13.149799488993047"
"20728 — LUNCH BAG CARS BLUE + 22383 — LUNCH BAG SUKI DESIGN","20725 — LUNCH BAG RED RETROSPOT + 22384 — LUNCH BAG PINK POLKADOT","182","452","523","0.010655737704918032","0.4026548672566372","13.149799488993045"
"23202 — JUMBO BAG VINTAGE LEAF + 23209 — LUNCH BAG VINTAGE DOILY","23203 — JUMBO BAG VINTAGE DOILY","206","248","1079","0.012060889929742389","0.8306451612903226","13.14867410086998"
"20725 — LUNCH BAG RED RETROSPOT + 23203 — JUMBO BAG VINTAGE DOILY","23209 — LUNCH BAG VINTAGE DOILY","199","258","1004","0.011651053864168618","0.7713178294573644","13.12162203897588"
"20725 — LUNCH BAG RED RETROSPOT + 22383 — LUNCH BAG SUKI DESIGN","20727 — LUNCH BAG BLACK SKULL + 22384 — LUNCH BAG PINK POLKADOT","185","519","464","0.010831381733021077","0.35645472061657035","13.121221181316857"
"20727 — LUNCH BAG BLACK SKULL + 22384 — LUNCH BAG PINK POLKADOT","20725 — LUNCH BAG RED RETROSPOT + 22383 — LUNCH BAG SUKI DESIGN","185","464","519","0.010831381733021077","0.39870689655172414","13.121221181316857"
"22662 — LUNCH BAG DOLLY GIRL DESIGN","22382 — LUNCH BAG SPACEBOY DESIGN + 22383 — LUNCH BAG SUKI DESIGN","205","597","447","0.012002341920374707","0.34338358458961477","13.12078663264121"
"22382 — LUNCH BAG SPACEBOY DESIGN + 22383 — LUNCH BAG SUKI DESIGN","22662 — LUNCH BAG DOLLY GIRL DESIGN","205","447","597","0.012002341920374707","0.45861297539149887","13.120786632641208"
"20725 — LUNCH BAG RED RETROSPOT + 22382 — LUNCH BAG SPACEBOY DESIGN","22662 — LUNCH BAG DOLLY GIRL DESIGN","214","467","597","0.01252927400468384","0.4582441113490364","13.110233537423019"
"22662 — LUNCH BAG DOLLY GIRL DESIGN","20725 — LUNCH BAG RED RETROSPOT + 22382 — LUNCH BAG SPACEBOY DESIGN","214","597","467","0.01252927400468384","0.35845896147403683","13.110233537423017"
"22727 — ALARM CLOCK BAKELIKE RED","22730 — ALARM CLOCK BAKELIKE IVORY","314","877","467","0.01838407494145199","0.3580387685290764","13.094865452840738"
"22730 — ALARM CLOCK BAKELIKE IVORY","22727 — ALARM CLOCK BAKELIKE RED","314","467","877","0.01838407494145199","0.6723768736616702","13.094865452840738"
"22555 — PLASTERS IN TIN STRONGMAN","22554 — PLASTERS IN TIN WOODLAND ANIMALS","201","449","587","0.011768149882903981","0.44766146993318484","13.025652310832704"
"22554 — PLASTERS IN TIN WOODLAND ANIMALS","22555 — PLASTERS IN TIN STRONGMAN","201","587","449","0.011768149882903981","0.3424190800681431","13.025652310832703"
"20725 — LUNCH BAG RED RETROSPOT + 22384 — LUNCH BAG PINK POLKADOT","20727 — LUNCH BAG BLACK SKULL + 22383 — LUNCH BAG SUKI DESIGN","185","523","465","0.010831381733021077","0.35372848948374763","12.992865807273999"
"20727 — LUNCH BAG BLACK SKULL + 22383 — LUNCH BAG SUKI DESIGN","20725 — LUNCH BAG RED RETROSPOT + 22384 — LUNCH BAG PINK POLKADOT","185","465","523","0.010831381733021077","0.3978494623655914","12.992865807273997"
"23199 — JUMBO BAG APPLES + 23200 — JUMBO BAG PEARS","23202 — JUMBO BAG VINTAGE LEAF","183","312","772","0.010714285714285714","0.5865384615384616","12.976783579115185"
"22356 — CHARLOTTE BAG PINK POLKADOT","20719 — WOODLAND CHARLOTTE BAG","196","487","530","0.011475409836065573","0.4024640657084189","12.969974042075085"
"20719 — WOODLAND CHARLOTTE BAG","22356 — CHARLOTTE BAG PINK POLKADOT","196","530","487","0.011475409836065573","0.36981132075471695","12.969974042075084"
"23199 — JUMBO BAG APPLES + 23203 — JUMBO BAG VINTAGE DOILY","23202 — JUMBO BAG VINTAGE LEAF","187","322","772","0.01094847775175644","0.5807453416149069","12.848614552827213"
"22726 — ALARM CLOCK BAKELIKE GREEN","22730 — ALARM CLOCK BAKELIKE IVORY","275","784","467","0.016100702576112413","0.350765306122449","12.828846742122973"
"22730 — ALARM CLOCK BAKELIKE IVORY","22726 — ALARM CLOCK BAKELIKE GREEN","275","467","784","0.016100702576112413","0.588865096359743","12.828846742122973"
"22382 — LUNCH BAG SPACEBOY DESIGN + 22383 — LUNCH BAG SUKI DESIGN","20725 — LUNCH BAG RED RETROSPOT + 20727 — LUNCH BAG BLACK SKULL","173","447","517","0.010128805620608899","0.3870246085011186","12.78603542204856"
"20725 — LUNCH BAG RED RETROSPOT + 20727 — LUNCH BAG BLACK SKULL","22382 — LUNCH BAG SPACEBOY DESIGN + 22383 — LUNCH BAG SUKI DESIGN","173","517","447","0.010128805620608899","0.3346228239845261","12.786035422048558"
"20726 — LUNCH BAG WOODLAND + 22662 — LUNCH BAG DOLLY GIRL DESIGN","22382 — LUNCH BAG SPACEBOY DESIGN","187","253","988","0.01094847775175644","0.7391304347826086","12.77767998591797"
"21166 — COOK WITH WINE METAL SIGN","85152 — HAND OVER THE CHOCOLATE SIGN","262","599","586","0.015339578454332552","0.4373956594323873","12.748665295401322"
"85152 — HAND OVER THE CHOCOLATE SIGN","21166 — COOK WITH WINE METAL SIGN","262","586","599","0.015339578454332552","0.447098976109215","12.748665295401322"
"22661 — CHARLOTTE BAG DOLLY GIRL DESIGN","20724 — RED RETROSPOT CHARLOTTE BAG","189","343","739","0.011065573770491803","0.5510204081632653","12.73535665957858"
"23170 — REGENCY TEA PLATE ROSES","22699 — ROSES REGENCY TEACUP AND SAUCER","190","327","780","0.011124121779859485","0.581039755351682","12.723280796675292"
"22551 — PLASTERS IN TIN SPACEBOY","22555 — PLASTERS IN TIN STRONGMAN","192","579","449","0.011241217798594848","0.3316062176165803","12.614330059891296"
"22555 — PLASTERS IN TIN STRONGMAN","22551 — PLASTERS IN TIN SPACEBOY","192","449","579","0.011241217798594848","0.42761692650334077","12.614330059891296"
"20724 — RED RETROSPOT CHARLOTTE BAG","20719 — WOODLAND CHARLOTTE BAG","289","739","530","0.016920374707259954","0.3910690121786198","12.602752317001558"
"20719 — WOODLAND CHARLOTTE BAG","20724 — RED RETROSPOT CHARLOTTE BAG","289","530","739","0.016920374707259954","0.5452830188679245","12.602752317001556"
"20727 — LUNCH BAG BLACK SKULL + 22382 — LUNCH BAG SPACEBOY DESIGN","22662 — LUNCH BAG DOLLY GIRL DESIGN","184","418","597","0.010772833723653397","0.44019138755980863","12.593750250454827"
"22662 — LUNCH BAG DOLLY GIRL DESIGN","20727 — LUNCH BAG BLACK SKULL + 22382 — LUNCH BAG SPACEBOY DESIGN","184","597","418","0.010772833723653397","0.3082077051926298","12.593750250454825"
"22727 — ALARM CLOCK BAKELIKE RED","22728 — ALARM CLOCK BAKELIKE PINK","396","877","613","0.023185011709601872","0.45153933865450396","12.581226597420764"
"22728 — ALARM CLOCK BAKELIKE PINK","22727 — ALARM CLOCK BAKELIKE RED","396","613","877","0.023185011709601872","0.6460032626427407","12.581226597420764"
"23209 — LUNCH BAG VINTAGE DOILY + 85099B — JUMBO BAG RED RETROSPOT","23203 — JUMBO BAG VINTAGE DOILY","202","255","1079","0.011826697892271663","0.792156862745098","12.539424666993765"
"21975 — PACK OF 60 DINOSAUR CAKE CASES","84992 — 72 SWEETHEART FAIRY CAKE CASES","194","528","501","0.01135831381733021","0.36742424242424243","12.526159801608904"
"84992 — 72 SWEETHEART FAIRY CAKE CASES","21975 — PACK OF 60 DINOSAUR CAKE CASES","194","501","528","0.01135831381733021","0.3872255489021956","12.526159801608904"
"22112 — CHOCOLATE HOT WATER BOTTLE","22114 — HOT WATER BOTTLE TEA AND SYMPATHY","260","694","512","0.01522248243559719","0.3746397694524496","12.497748559077811"
"22114 — HOT WATER BOTTLE TEA AND SYMPATHY","22112 — CHOCOLATE HOT WATER BOTTLE","260","512","694","0.01522248243559719","0.5078125","12.49774855907781"
"85150 — LADIES & GENTLEMEN METAL SIGN","21181 — PLEASE ONE PERSON METAL SIGN","182","366","684","0.010655737704918032","0.4972677595628415","12.417153996101366"
"22114 — HOT WATER BOTTLE TEA AND SYMPATHY","22835 — HOT WATER BOTTLE I AM SO POORLY","187","512","505","0.01094847775175644","0.365234375","12.352877475247524"
"22835 — HOT WATER BOTTLE I AM SO POORLY","22114 — HOT WATER BOTTLE TEA AND SYMPATHY","187","505","512","0.01094847775175644","0.3702970297029703","12.352877475247524"
"22804 — CANDLEHOLDER PINK HANGING HEART","21733 — RED HANGING HEART T-LIGHT HOLDER","199","408","677","0.011651053864168618","0.4877450980392157","12.305297303559534"
"21975 — PACK OF 60 DINOSAUR CAKE CASES","21213 — PACK OF 72 SKULL CAKE CASES","189","528","497","0.011065573770491803","0.35795454545454547","12.301536491677338"
"21213 — PACK OF 72 SKULL CAKE CASES","21975 — PACK OF 60 DINOSAUR CAKE CASES","189","497","528","0.011065573770491803","0.38028169014084506","12.301536491677336"
"82482 — WOODEN PICTURE FRAME WHITE FINISH + 85123A — WHITE HANGING HEART T-LIGHT HOLDER","82494L — WOODEN FRAME ANTIQUE WHITE","179","308","809","0.010480093676814989","0.5811688311688312","12.269917968311047"
"21754 — HOME BUILDING BLOCK WORD","21755 — LOVE BUILDING BLOCK WORD","275","690","555","0.016100702576112413","0.39855072463768115","12.265308787047918"
"21755 — LOVE BUILDING BLOCK WORD","21754 — HOME BUILDING BLOCK WORD","275","555","690","0.016100702576112413","0.4954954954954955","12.265308787047916"
"21790 — VINTAGE SNAP CARDS","21791 — VINTAGE HEADS AND TAILS CARD GAME","250","720","485","0.014637002341920375","0.3472222222222222","12.227949599083619"
"21791 — VINTAGE HEADS AND TAILS CARD GAME","21790 — VINTAGE SNAP CARDS","250","485","720","0.014637002341920375","0.5154639175257731","12.227949599083619"
"22726 — ALARM CLOCK BAKELIKE GREEN","22728 — ALARM CLOCK BAKELIKE PINK","343","784","613","0.020081967213114754","0.4375","12.19004893964111"
"22728 — ALARM CLOCK BAKELIKE PINK","22726 — ALARM CLOCK BAKELIKE GREEN","343","613","784","0.020081967213114754","0.5595432300163132","12.19004893964111"
"20725 — LUNCH BAG RED RETROSPOT + 20727 — LUNCH BAG BLACK SKULL + 22383 — LUNCH BAG SUKI DESIGN","22384 — LUNCH BAG PINK POLKADOT","185","280","930","0.010831381733021077","0.6607142857142857","12.134408602150538"
"22355 — CHARLOTTE BAG SUKI DESIGN","23204 — CHARLOTTE BAG APPLES DESIGN","176","583","425","0.010304449648711944","0.3018867924528302","12.132297447280799"
"23204 — CHARLOTTE BAG APPLES DESIGN","22355 — CHARLOTTE BAG SUKI DESIGN","176","425","583","0.010304449648711944","0.41411764705882353","12.132297447280799"
"20725 — LUNCH BAG RED RETROSPOT + 20728 — LUNCH BAG CARS BLUE + 22383 — LUNCH BAG SUKI DESIGN","22384 — LUNCH BAG PINK POLKADOT","182","276","930","0.010655737704918032","0.6594202898550725","12.11064360292972"
"21175 — GIN + TONIC DIET METAL SIGN","21166 — COOK WITH WINE METAL SIGN","292","691","599","0.017096018735362997","0.42257597684515197","12.049411827237389"
"21166 — COOK WITH WINE METAL SIGN","21175 — GIN + TONIC DIET METAL SIGN","292","599","691","0.017096018735362997","0.48747913188647746","12.049411827237387"
"20727 — LUNCH BAG BLACK SKULL + 22662 — LUNCH BAG DOLLY GIRL DESIGN","22382 — LUNCH BAG SPACEBOY DESIGN","184","264","988","0.010772833723653397","0.696969696969697","12.048828364617838"
"20725 — LUNCH BAG RED RETROSPOT + 22662 — LUNCH BAG DOLLY GIRL DESIGN","22382 — LUNCH BAG SPACEBOY DESIGN","214","309","988","0.01252927400468384","0.6925566343042071","11.972537767121313"
"22383 — LUNCH BAG SUKI DESIGN + 23209 — LUNCH BAG VINTAGE DOILY","23206 — LUNCH BAG APPLE DESIGN","200","331","865","0.0117096018735363","0.6042296072507553","11.930915250685432"
"20725 — LUNCH BAG RED RETROSPOT + 23209 — LUNCH BAG VINTAGE DOILY","23208 — LUNCH BAG VINTAGE LEAF DESIGN","174","419","595","0.010187353629976581","0.4152744630071599","11.920819879264357"
"20725 — LUNCH BAG RED RETROSPOT + 22662 — LUNCH BAG DOLLY GIRL DESIGN","20726 — LUNCH BAG WOODLAND","175","309","818","0.010245901639344262","0.5663430420711975","11.82535349459175"
"20724 — RED RETROSPOT CHARLOTTE BAG","22355 — CHARLOTTE BAG SUKI DESIGN","298","739","583","0.017447306791569087","0.40324763193504737","11.813841429589381"
"22355 — CHARLOTTE BAG SUKI DESIGN","20724 — RED RETROSPOT CHARLOTTE BAG","298","583","739","0.017447306791569087","0.5111492281303602","11.813841429589381"
"22383 — LUNCH BAG SUKI DESIGN + 22662 — LUNCH BAG DOLLY GIRL DESIGN","22382 — LUNCH BAG SPACEBOY DESIGN","205","300","988","0.012002341920374707","0.6833333333333333","11.813090418353577"
"23173 — REGENCY TEAPOT ROSES","22699 — ROSES REGENCY TEACUP AND SAUCER","190","353","780","0.011124121779859485","0.5382436260623229","11.786155298903173"
"22557 — PLASTERS IN TIN VINTAGE PAISLEY","22554 — PLASTERS IN TIN WOODLAND ANIMALS","194","480","587","0.01135831381733021","0.4041666666666667","11.760079500283931"
"22554 — PLASTERS IN TIN WOODLAND ANIMALS","22557 — PLASTERS IN TIN VINTAGE PAISLEY","194","587","480","0.01135831381733021","0.33049403747870526","11.76007950028393"
"22382 — LUNCH BAG SPACEBOY DESIGN + 23206 — LUNCH BAG APPLE DESIGN","20726 — LUNCH BAG WOODLAND","174","310","818","0.010187353629976581","0.5612903225806452","11.719851723322028"
"23355 — HOT WATER BOTTLE KEEP CALM","23356 — LOVE HOT WATER BOTTLE","218","715","448","0.012763466042154567","0.3048951048951049","11.624125874125875"
"23356 — LOVE HOT WATER BOTTLE","23355 — HOT WATER BOTTLE KEEP CALM","218","448","715","0.012763466042154567","0.48660714285714285","11.624125874125875"
"22553 — PLASTERS IN TIN SKULLS","22554 — PLASTERS IN TIN WOODLAND ANIMALS","175","439","587","0.010245901639344262","0.39863325740318906","11.599073315922436"
"20725 — LUNCH BAG RED RETROSPOT + 20727 — LUNCH BAG BLACK SKULL + 22383 — LUNCH BAG SUKI DESIGN","20728 — LUNCH BAG CARS BLUE","183","280","965","0.010714285714285714","0.6535714285714286","11.567875647668394"
"20725 — LUNCH BAG RED RETROSPOT + 20726 — LUNCH BAG WOODLAND","22662 — LUNCH BAG DOLLY GIRL DESIGN","175","433","597","0.010245901639344262","0.40415704387990764","11.562817938808749"
"20726 — LUNCH BAG WOODLAND","20725 — LUNCH BAG RED RETROSPOT + 22382 — LUNCH BAG SPACEBOY DESIGN","258","818","467","0.015105386416861826","0.3154034229828851","11.53552562001644"
"20725 — LUNCH BAG RED RETROSPOT + 22382 — LUNCH BAG SPACEBOY DESIGN","20726 — LUNCH BAG WOODLAND","258","467","818","0.015105386416861826","0.5524625267665952","11.535525620016438"
"84991 — 60 TEATIME FAIRY CAKE CASES","84992 — 72 SWEETHEART FAIRY CAKE CASES","222","657","501","0.012997658079625293","0.3378995433789954","11.519609183459565"
"84992 — 72 SWEETHEART FAIRY CAKE CASES","84991 — 60 TEATIME FAIRY CAKE CASES","222","501","657","0.012997658079625293","0.4431137724550898","11.519609183459565"
"20725 — LUNCH BAG RED RETROSPOT + 22383 — LUNCH BAG SUKI DESIGN + 22384 — LUNCH BAG PINK POLKADOT","20728 — LUNCH BAG CARS BLUE","182","280","965","0.010655737704918032","0.65","11.504663212435233"
"23204 — CHARLOTTE BAG APPLES DESIGN","20724 — RED RETROSPOT CHARLOTTE BAG","211","425","739","0.012353629976580797","0.4964705882352941","11.474584096155375"
"20725 — LUNCH BAG RED RETROSPOT + 20727 — LUNCH BAG BLACK SKULL + 20728 — LUNCH BAG CARS BLUE","22383 — LUNCH BAG SUKI DESIGN","183","262","1043","0.010714285714285714","0.6984732824427481","11.438085967518829"
"22086 — PAPER CHAIN KIT 50'S CHRISTMAS","22910 — PAPER CHAIN KIT VINTAGE CHRISTMAS","451","973","693","0.026405152224824355","0.4635149023638232","11.424003654219481"
"22910 — PAPER CHAIN KIT VINTAGE CHRISTMAS","22086 — PAPER CHAIN KIT 50'S CHRISTMAS","451","693","973","0.026405152224824355","0.6507936507936508","11.424003654219481"
"22382 — LUNCH BAG SPACEBOY DESIGN + 22384 — LUNCH BAG PINK POLKADOT","20726 — LUNCH BAG WOODLAND","200","367","818","0.0117096018735363","0.5449591280653951","11.378853187477931"
"20727 — LUNCH BAG BLACK SKULL + 20728 — LUNCH BAG CARS BLUE","22384 — LUNCH BAG PINK POLKADOT","260","421","930","0.01522248243559719","0.6175771971496437","11.342170459479478"
"23202 — JUMBO BAG VINTAGE LEAF","23200 — JUMBO BAG PEARS","240","772","469","0.01405152224824356","0.31088082901554404","11.321630191013844"
"23200 — JUMBO BAG PEARS","23202 — JUMBO BAG VINTAGE LEAF","240","469","772","0.01405152224824356","0.511727078891258","11.321630191013842"
"82494L — WOODEN FRAME ANTIQUE WHITE","82482 — WOODEN PICTURE FRAME WHITE FINISH","468","809","874","0.027400468384074943","0.5784919653893696","11.305083259554273"
"82482 — WOODEN PICTURE FRAME WHITE FINISH","82494L — WOODEN FRAME ANTIQUE WHITE","468","874","809","0.027400468384074943","0.5354691075514875","11.305083259554271"
"20728 — LUNCH BAG CARS BLUE + 22382 — LUNCH BAG SPACEBOY DESIGN","20726 — LUNCH BAG WOODLAND","211","391","818","0.012353629976580797","0.5396419437340153","11.267829338602667"
"20725 — LUNCH BAG RED RETROSPOT + 23208 — LUNCH BAG VINTAGE LEAF DESIGN","23209 — LUNCH BAG VINTAGE DOILY","174","263","1004","0.010187353629976581","0.6615969581749049","11.255055822338024"
"20725 — LUNCH BAG RED RETROSPOT + 20728 — LUNCH BAG CARS BLUE + 22384 — LUNCH BAG PINK POLKADOT","20727 — LUNCH BAG BLACK SKULL","193","279","1050","0.01129976580796253","0.6917562724014337","11.252568697729988"
"20725 — LUNCH BAG RED RETROSPOT + 22383 — LUNCH BAG SUKI DESIGN","22662 — LUNCH BAG DOLLY GIRL DESIGN","203","519","597","0.011885245901639344","0.3911368015414258","11.19031251311148"
"22662 — LUNCH BAG DOLLY GIRL DESIGN","20725 — LUNCH BAG RED RETROSPOT + 22383 — LUNCH BAG SUKI DESIGN","203","597","519","0.011885245901639344","0.34003350083752093","11.19031251311148"
"22551 — PLASTERS IN TIN SPACEBOY","22557 — PLASTERS IN TIN VINTAGE PAISLEY","182","579","480","0.010655737704918032","0.3143350604490501","11.185089234312033"
"22557 — PLASTERS IN TIN VINTAGE PAISLEY","22551 — PLASTERS IN TIN SPACEBOY","182","480","579","0.010655737704918032","0.37916666666666665","11.185089234312033"
"21928 — JUMBO BAG SCANDINAVIAN BLUE PAISLEY + 85099B — JUMBO BAG RED RETROSPOT","22386 — JUMBO BAG PINK POLKADOT","182","320","869","0.010655737704918032","0.56875","11.178653624856157"
"20725 — LUNCH BAG RED RETROSPOT + 20728 — LUNCH BAG CARS BLUE","22384 — LUNCH BAG PINK POLKADOT","279","459","930","0.01633489461358314","0.6078431372549019","11.163398692810457"
"22384 — LUNCH BAG PINK POLKADOT","20725 — LUNCH BAG RED RETROSPOT + 20728 — LUNCH BAG CARS BLUE","279","930","459","0.01633489461358314","0.3","11.163398692810457"
"21175 — GIN + TONIC DIET METAL SIGN","85152 — HAND OVER THE CHOCOLATE SIGN","264","691","586","0.015456674473067917","0.38205499276411","11.13566429421672"
"85152 — HAND OVER THE CHOCOLATE SIGN","21175 — GIN + TONIC DIET METAL SIGN","264","586","691","0.015456674473067917","0.45051194539249145","11.13566429421672"
"22386 — JUMBO BAG PINK POLKADOT + 85099B — JUMBO BAG RED RETROSPOT","85099F — JUMBO BAG STRAWBERRY","232","546","654","0.013583138173302109","0.4249084249084249","11.09699678507018"
"85099F — JUMBO BAG STRAWBERRY","22386 — JUMBO BAG PINK POLKADOT + 85099B — JUMBO BAG RED RETROSPOT","232","654","546","0.013583138173302109","0.3547400611620795","11.09699678507018"
"20725 — LUNCH BAG RED RETROSPOT + 20727 — LUNCH BAG BLACK SKULL + 22384 — LUNCH BAG PINK POLKADOT","20728 — LUNCH BAG CARS BLUE","193","308","965","0.01129976580796253","0.6266233766233766","11.090909090909092"
"21166 — COOK WITH WINE METAL SIGN","21181 — PLEASE ONE PERSON METAL SIGN","265","599","684","0.015515222482435597","0.44240400667779634","11.047164377275967"
"21181 — PLEASE ONE PERSON METAL SIGN","21166 — COOK WITH WINE METAL SIGN","265","684","599","0.015515222482435597","0.38742690058479534","11.047164377275967"
"20725 — LUNCH BAG RED RETROSPOT + 20727 — LUNCH BAG BLACK SKULL + 22382 — LUNCH BAG SPACEBOY DESIGN","22383 — LUNCH BAG SUKI DESIGN","173","257","1043","0.010128805620608899","0.6731517509727627","11.023424646802289"
"23208 — LUNCH BAG VINTAGE LEAF DESIGN + 23209 — LUNCH BAG VINTAGE DOILY","23206 — LUNCH BAG APPLE DESIGN","178","319","865","0.010421545667447307","0.5579937304075235","11.017957127584395"
"85099B — JUMBO BAG RED RETROSPOT + 85099F — JUMBO BAG STRAWBERRY","22386 — JUMBO BAG PINK POLKADOT","232","414","869","0.013583138173302109","0.5603864734299517","11.014270386862574"
"22382 — LUNCH BAG SPACEBOY DESIGN + 23209 — LUNCH BAG VINTAGE DOILY","23206 — LUNCH BAG APPLE DESIGN","172","309","865","0.010070257611241218","0.5566343042071198","10.991114353592607"
"21975 — PACK OF 60 DINOSAUR CAKE CASES","84991 — 60 TEATIME FAIRY CAKE CASES","223","528","657","0.013056206088992973","0.42234848484848486","10.979774918131081"
"84991 — 60 TEATIME FAIRY CAKE CASES","21975 — PACK OF 60 DINOSAUR CAKE CASES","223","657","528","0.013056206088992973","0.3394216133942161","10.979774918131081"
"22382 — LUNCH BAG SPACEBOY DESIGN + 22662 — LUNCH BAG DOLLY GIRL DESIGN","20726 — LUNCH BAG WOODLAND","187","356","818","0.01094847775175644","0.5252808988764045","10.967967912969423"
"20725 — LUNCH BAG RED RETROSPOT + 20727 — LUNCH BAG BLACK SKULL","22384 — LUNCH BAG PINK POLKADOT","308","517","930","0.018032786885245903","0.5957446808510638","10.941203385952871"
"22384 — LUNCH BAG PINK POLKADOT","20725 — LUNCH BAG RED RETROSPOT + 20727 — LUNCH BAG BLACK SKULL","308","930","517","0.018032786885245903","0.3311827956989247","10.941203385952871"
"20727 — LUNCH BAG BLACK SKULL + 23209 — LUNCH BAG VINTAGE DOILY","23206 — LUNCH BAG APPLE DESIGN","185","334","865","0.010831381733021077","0.5538922155688623","10.936969990654529"
"21929 — JUMBO BAG PINK VINTAGE PAISLEY + 85099B — JUMBO BAG RED RETROSPOT","22386 — JUMBO BAG PINK POLKADOT","184","331","869","0.010772833723653397","0.5558912386706949","10.925917556381437"
"20727 — LUNCH BAG BLACK SKULL + 22662 — LUNCH BAG DOLLY GIRL DESIGN","22383 — LUNCH BAG SUKI DESIGN","176","264","1043","0.010304449648711944","0.6666666666666666","10.917225950782997"
"20726 — LUNCH BAG WOODLAND + 22384 — LUNCH BAG PINK POLKADOT","20728 — LUNCH BAG CARS BLUE","196","318","965","0.011475409836065573","0.6163522012578616","10.909114608791995"
"21977 — PACK OF 60 PINK PAISLEY CAKE CASES","84991 — 60 TEATIME FAIRY CAKE CASES","280","669","657","0.01639344262295082","0.41853512705530643","10.880639223903552"
"84991 — 60 TEATIME FAIRY CAKE CASES","21977 — PACK OF 60 PINK PAISLEY CAKE CASES","280","657","669","0.01639344262295082","0.426179604261796","10.880639223903552"
"20726 — LUNCH BAG WOODLAND + 22384 — LUNCH BAG PINK POLKADOT","22382 — LUNCH BAG SPACEBOY DESIGN","200","318","988","0.0117096018735363","0.6289308176100629","10.872609680951289"
"23207 — LUNCH BAG ALPHABET DESIGN","23208 — LUNCH BAG VINTAGE LEAF DESIGN","244","646","595","0.014285714285714285","0.37770897832817335","10.842469495538154"
"23208 — LUNCH BAG VINTAGE LEAF DESIGN","23207 — LUNCH BAG ALPHABET DESIGN","244","595","646","0.014285714285714285","0.41008403361344536","10.842469495538154"
"20727 — LUNCH BAG BLACK SKULL + 22383 — LUNCH BAG SUKI DESIGN","22662 — LUNCH BAG DOLLY GIRL DESIGN","176","465","597","0.010304449648711944","0.37849462365591396","10.828623403757137"
"22111 — SCOTTIE DOG HOT WATER BOTTLE","21485 — RETROSPOT HEART HOT WATER BOTTLE","221","655","533","0.01293911007025761","0.3374045801526718","10.812139266430833"
"21485 — RETROSPOT HEART HOT WATER BOTTLE","22111 — SCOTTIE DOG HOT WATER BOTTLE","221","533","655","0.01293911007025761","0.4146341463414634","10.812139266430831"
"20725 — LUNCH BAG RED RETROSPOT + 20728 — LUNCH BAG CARS BLUE + 22383 — LUNCH BAG SUKI DESIGN","20727 — LUNCH BAG BLACK SKULL","183","276","1050","0.010714285714285714","0.6630434782608695","10.785507246376811"
"20725 — LUNCH BAG RED RETROSPOT + 22662 — LUNCH BAG DOLLY GIRL DESIGN","22383 — LUNCH BAG SUKI DESIGN","203","309","1043","0.011885245901639344","0.656957928802589","10.75823722334441"
"20725 — LUNCH BAG RED RETROSPOT + 22383 — LUNCH BAG SUKI DESIGN + 22384 — LUNCH BAG PINK POLKADOT","20727 — LUNCH BAG BLACK SKULL","185","280","1050","0.010831381733021077","0.6607142857142857","10.747619047619047"
"22382 — LUNCH BAG SPACEBOY DESIGN + 22384 — LUNCH BAG PINK POLKADOT","20728 — LUNCH BAG CARS BLUE","222","367","965","0.012997658079625293","0.6049046321525886","10.70649856701162"
"23203 — JUMBO BAG VINTAGE DOILY + 85099B — JUMBO BAG RED RETROSPOT","23202 — JUMBO BAG VINTAGE LEAF","226","468","772","0.013231850117096019","0.4829059829059829","10.683982108852575"
"20725 — LUNCH BAG RED RETROSPOT + 20728 — LUNCH BAG CARS BLUE + 22384 — LUNCH BAG PINK POLKADOT","22383 — LUNCH BAG SUKI DESIGN","182","279","1043","0.010655737704918032","0.6523297491039427","10.682446898077988"
"20725 — LUNCH BAG RED RETROSPOT + 20727 — LUNCH BAG BLACK SKULL + 22383 — LUNCH BAG SUKI DESIGN","22382 — LUNCH BAG SPACEBOY DESIGN","173","280","988","0.010128805620608899","0.6178571428571429","10.681174089068826"
"20725 — LUNCH BAG RED RETROSPOT + 22662 — LUNCH BAG DOLLY GIRL DESIGN","22384 — LUNCH BAG PINK POLKADOT","179","309","930","0.010480093676814989","0.5792880258899676","10.638967185161986"
"22114 — HOT WATER BOTTLE TEA AND SYMPATHY","23355 — HOT WATER BOTTLE KEEP CALM","228","512","715","0.013348946135831381","0.4453125","10.637674825174825"
"23355 — HOT WATER BOTTLE KEEP CALM","22114 — HOT WATER BOTTLE TEA AND SYMPATHY","228","715","512","0.013348946135831381","0.31888111888111886","10.637674825174825"
"20725 — LUNCH BAG RED RETROSPOT + 23209 — LUNCH BAG VINTAGE DOILY","23206 — LUNCH BAG APPLE DESIGN","225","419","865","0.013173302107728338","0.5369928400954654","10.60328058824341"
"21928 — JUMBO BAG SCANDINAVIAN BLUE PAISLEY","22386 — JUMBO BAG PINK POLKADOT + 85099B — JUMBO BAG RED RETROSPOT","182","541","546","0.010655737704918032","0.3364140480591497","10.523721503388787"
"22386 — JUMBO BAG PINK POLKADOT + 85099B — JUMBO BAG RED RETROSPOT","21928 — JUMBO BAG SCANDINAVIAN BLUE PAISLEY","182","546","541","0.010655737704918032","0.3333333333333333","10.523721503388787"
"20727 — LUNCH BAG BLACK SKULL + 22382 — LUNCH BAG SPACEBOY DESIGN","20726 — LUNCH BAG WOODLAND","210","418","818","0.012295081967213115","0.5023923444976076","10.490050420561293"
"20726 — LUNCH BAG WOODLAND + 20727 — LUNCH BAG BLACK SKULL","22384 — LUNCH BAG PINK POLKADOT","198","347","930","0.011592505854800936","0.5706051873198847","10.479501719810356"
"20725 — LUNCH BAG RED RETROSPOT + 20728 — LUNCH BAG CARS BLUE","20726 — LUNCH BAG WOODLAND","230","459","818","0.013466042154566744","0.5010893246187363","10.462843110621046"
"20726 — LUNCH BAG WOODLAND + 20727 — LUNCH BAG BLACK SKULL","22382 — LUNCH BAG SPACEBOY DESIGN","210","347","988","0.012295081967213115","0.6051873198847262","10.462145165618546"
"20728 — LUNCH BAG CARS BLUE + 22382 — LUNCH BAG SPACEBOY DESIGN","22384 — LUNCH BAG PINK POLKADOT","222","391","930","0.012997658079625293","0.5677749360613811","10.427522481643429"
"23199 — JUMBO BAG APPLES + 23202 — JUMBO BAG VINTAGE LEAF","23203 — JUMBO BAG VINTAGE DOILY","187","284","1079","0.01094847775175644","0.6584507042253521","10.422926810165906"
"23202 — JUMBO BAG VINTAGE LEAF + 23203 — JUMBO BAG VINTAGE DOILY","23199 — JUMBO BAG APPLES","187","428","716","0.01094847775175644","0.4369158878504673","10.422518665483214"
"22411 — JUMBO SHOPPER VINTAGE RED PAISLEY + 85099B — JUMBO BAG RED RETROSPOT","21931 — JUMBO STORAGE BAG SUKI","187","396","774","0.01094847775175644","0.4722222222222222","10.420614412862475"
"20725 — LUNCH BAG RED RETROSPOT + 23206 — LUNCH BAG APPLE DESIGN","20726 — LUNCH BAG WOODLAND","194","389","818","0.01135831381733021","0.4987146529562982","10.413259501825884"
"20726 — LUNCH BAG WOODLAND + 22383 — LUNCH BAG SUKI DESIGN","22382 — LUNCH BAG SPACEBOY DESIGN","218","362","988","0.012763466042154567","0.6022099447513812","10.410673943677724"
"20728 — LUNCH BAG CARS BLUE + 22383 — LUNCH BAG SUKI DESIGN + 22384 — LUNCH BAG PINK POLKADOT","20725 — LUNCH BAG RED RETROSPOT","182","232","1288","0.010655737704918032","0.7844827586206896","10.402923538230883"
"20725 — LUNCH BAG RED RETROSPOT + 22382 — LUNCH BAG SPACEBOY DESIGN + 22383 — LUNCH BAG SUKI DESIGN","20727 — LUNCH BAG BLACK SKULL","173","271","1050","0.010128805620608899","0.6383763837638377","10.384255842558426"
"23202 — JUMBO BAG VINTAGE LEAF + 85099B — JUMBO BAG RED RETROSPOT","23203 — JUMBO BAG VINTAGE DOILY","226","345","1079","0.013231850117096019","0.6550724637681159","10.369451048340517"
"20726 — LUNCH BAG WOODLAND + 22383 — LUNCH BAG SUKI DESIGN","20728 — LUNCH BAG CARS BLUE","212","362","965","0.012412177985948477","0.585635359116022","10.365442418343685"
"21931 — JUMBO STORAGE BAG SUKI + 85099B — JUMBO BAG RED RETROSPOT","85099F — JUMBO BAG STRAWBERRY","172","434","654","0.010070257611241218","0.39631336405529954","10.350202229456448"
"20727 — LUNCH BAG BLACK SKULL + 23206 — LUNCH BAG APPLE DESIGN","22383 — LUNCH BAG SUKI DESIGN","202","320","1043","0.011826697892271663","0.63125","10.337248322147651"
"22382 — LUNCH BAG SPACEBOY DESIGN","22662 — LUNCH BAG DOLLY GIRL DESIGN","356","988","597","0.020843091334894613","0.3603238866396761","10.308763791969294"
"22662 — LUNCH BAG DOLLY GIRL DESIGN","22382 — LUNCH BAG SPACEBOY DESIGN","356","597","988","0.020843091334894613","0.5963149078726968","10.308763791969293"
"20725 — LUNCH BAG RED RETROSPOT + 20726 — LUNCH BAG WOODLAND","22382 — LUNCH BAG SPACEBOY DESIGN","258","433","988","0.015105386416861826","0.5958429561200924","10.300604949930342"
"23203 — JUMBO BAG VINTAGE DOILY + 23209 — LUNCH BAG VINTAGE DOILY","23202 — JUMBO BAG VINTAGE LEAF","206","443","772","0.012060889929742389","0.4650112866817156","10.288073544719822"
"22383 — LUNCH BAG SUKI DESIGN + 22384 — LUNCH BAG PINK POLKADOT","20728 — LUNCH BAG CARS BLUE","232","400","965","0.013583138173302109","0.58","10.265699481865283"
"20726 — LUNCH BAG WOODLAND","20725 — LUNCH BAG RED RETROSPOT + 22383 — LUNCH BAG SUKI DESIGN","255","818","519","0.014929742388758781","0.3117359413202934","10.25905564113798"
"20725 — LUNCH BAG RED RETROSPOT + 22383 — LUNCH BAG SUKI DESIGN","20726 — LUNCH BAG WOODLAND","255","519","818","0.014929742388758781","0.4913294797687861","10.259055641137978"
"22383 — LUNCH BAG SUKI DESIGN + 22384 — LUNCH BAG PINK POLKADOT","20726 — LUNCH BAG WOODLAND","196","400","818","0.011475409836065573","0.49","10.231295843520781"
"20728 — LUNCH BAG CARS BLUE + 23206 — LUNCH BAG APPLE DESIGN","22383 — LUNCH BAG SUKI DESIGN","181","290","1043","0.010597189695550352","0.6241379310344828","10.220782226336498"
"21977 — PACK OF 60 PINK PAISLEY CAKE CASES + 84991 — 60 TEATIME FAIRY CAKE CASES","21212 — PACK OF 72 RETROSPOT CAKE CASES","172","280","1029","0.010070257611241218","0.6142857142857143","10.19630709426628"
"22382 — LUNCH BAG SPACEBOY DESIGN + 22383 — LUNCH BAG SUKI DESIGN","20726 — LUNCH BAG WOODLAND","218","447","818","0.012763466042154567","0.48769574944071586","10.183182641133772"
"20726 — LUNCH BAG WOODLAND + 22384 — LUNCH BAG PINK POLKADOT","20727 — LUNCH BAG BLACK SKULL","198","318","1050","0.011592505854800936","0.6226415094339622","10.128301886792453"
"22384 — LUNCH BAG PINK POLKADOT + 22662 — LUNCH BAG DOLLY GIRL DESIGN","20725 — LUNCH BAG RED RETROSPOT","179","235","1288","0.010480093676814989","0.7617021276595745","10.100832562442182"
"20727 — LUNCH BAG BLACK SKULL + 22383 — LUNCH BAG SUKI DESIGN + 22384 — LUNCH BAG PINK POLKADOT","20725 — LUNCH BAG RED RETROSPOT","185","243","1288","0.010831381733021077","0.7613168724279835","10.095723743066737"
"20726 — LUNCH BAG WOODLAND + 23206 — LUNCH BAG APPLE DESIGN","22382 — LUNCH BAG SPACEBOY DESIGN","174","298","988","0.010187353629976581","0.5838926174496645","10.094014074939544"
"20726 — LUNCH BAG WOODLAND + 22384 — LUNCH BAG PINK POLKADOT","22383 — LUNCH BAG SUKI DESIGN","196","318","1043","0.011475409836065573","0.6163522012578616","10.093284369591828"
"23206 — LUNCH BAG APPLE DESIGN","23208 — LUNCH BAG VINTAGE LEAF DESIGN","304","865","595","0.017798594847775177","0.3514450867052023","10.08854131247875"
"23208 — LUNCH BAG VINTAGE LEAF DESIGN","23206 — LUNCH BAG APPLE DESIGN","304","595","865","0.017798594847775177","0.5109243697478991","10.088541312478748"
"20726 — LUNCH BAG WOODLAND + 20728 — LUNCH BAG CARS BLUE","22382 — LUNCH BAG SPACEBOY DESIGN","211","362","988","0.012353629976580797","0.5828729281767956","10.076386248238531"
"20727 — LUNCH BAG BLACK SKULL + 23209 — LUNCH BAG VINTAGE DOILY","22384 — LUNCH BAG PINK POLKADOT","183","334","930","0.010714285714285714","0.5479041916167665","10.062584508402551"
"20725 — LUNCH BAG RED RETROSPOT + 20726 — LUNCH BAG WOODLAND","22384 — LUNCH BAG PINK POLKADOT","237","433","930","0.013875878220140515","0.5473441108545035","10.052298293973033"
"85152 — HAND OVER THE CHOCOLATE SIGN","21181 — PLEASE ONE PERSON METAL SIGN","235","586","684","0.013758782201405152","0.40102389078498296","10.01387142486478"
"21181 — PLEASE ONE PERSON METAL SIGN","85152 — HAND OVER THE CHOCOLATE SIGN","235","684","586","0.013758782201405152","0.3435672514619883","10.013871424864778"
"20728 — LUNCH BAG CARS BLUE + 22382 — LUNCH BAG SPACEBOY DESIGN","22383 — LUNCH BAG SUKI DESIGN","239","391","1043","0.013992974238875877","0.6112531969309463","10.009783896050395"
"20726 — LUNCH BAG WOODLAND + 20727 — LUNCH BAG BLACK SKULL","20728 — LUNCH BAG CARS BLUE","196","347","965","0.011475409836065573","0.5648414985590778","9.997401860506788"
"22382 — LUNCH BAG SPACEBOY DESIGN + 22384 — LUNCH BAG PINK POLKADOT","20727 — LUNCH BAG BLACK SKULL","225","367","1050","0.013173302107728338","0.6130790190735694","9.97275204359673"
"21931 — JUMBO STORAGE BAG SUKI + 85099B — JUMBO BAG RED RETROSPOT","22386 — JUMBO BAG PINK POLKADOT","220","434","869","0.01288056206088993","0.5069124423963134","9.96325030624745"
"23206 — LUNCH BAG APPLE DESIGN + 23208 — LUNCH BAG VINTAGE LEAF DESIGN","23209 — LUNCH BAG VINTAGE DOILY","178","304","1004","0.010421545667447307","0.5855263157894737","9.960945690920529"
"20726 — LUNCH BAG WOODLAND + 20728 — LUNCH BAG CARS BLUE","22384 — LUNCH BAG PINK POLKADOT","196","362","930","0.011475409836065573","0.5414364640883977","9.943800867343906"
"20726 — LUNCH BAG WOODLAND + 22383 — LUNCH BAG SUKI DESIGN","22384 — LUNCH BAG PINK POLKADOT","196","362","930","0.011475409836065573","0.5414364640883977","9.943800867343906"
"22383 — LUNCH BAG SUKI DESIGN + 23206 — LUNCH BAG APPLE DESIGN","20726 — LUNCH BAG WOODLAND","171","360","818","0.010011709601873536","0.475","9.918092909535451"
"20727 — LUNCH BAG BLACK SKULL + 22384 — LUNCH BAG PINK POLKADOT","20728 — LUNCH BAG CARS BLUE","260","464","965","0.01522248243559719","0.5603448275862069","9.917813114168304"
"20725 — LUNCH BAG RED RETROSPOT + 22383 — LUNCH BAG SUKI DESIGN","22384 — LUNCH BAG PINK POLKADOT","280","519","930","0.01639344262295082","0.5394990366088632","9.908218865891811"
"22384 — LUNCH BAG PINK POLKADOT","20725 — LUNCH BAG RED RETROSPOT + 22383 — LUNCH BAG SUKI DESIGN","280","930","519","0.01639344262295082","0.3010752688172043","9.908218865891811"
"20728 — LUNCH BAG CARS BLUE + 22384 — LUNCH BAG PINK POLKADOT","20727 — LUNCH BAG BLACK SKULL","260","427","1050","0.01522248243559719","0.6088992974238876","9.904761904761905"
"20727 — LUNCH BAG BLACK SKULL + 22382 — LUNCH BAG SPACEBOY DESIGN","22384 — LUNCH BAG PINK POLKADOT","225","418","930","0.013173302107728338","0.5382775119617225","9.885784843340021"
"20726 — LUNCH BAG WOODLAND + 22384 — LUNCH BAG PINK POLKADOT","20725 — LUNCH BAG RED RETROSPOT","237","318","1288","0.013875878220140515","0.7452830188679245","9.883100902378997"
"22383 — LUNCH BAG SUKI DESIGN + 22384 — LUNCH BAG PINK POLKADOT","20727 — LUNCH BAG BLACK SKULL","243","400","1050","0.014227166276346605","0.6075","9.882000000000001"
"85099B — JUMBO BAG RED RETROSPOT + 85099C — JUMBO BAG BAROQUE BLACK WHITE","22386 — JUMBO BAG PINK POLKADOT","182","362","869","0.010655737704918032","0.5027624309392266","9.881682762303786"
"20727 — LUNCH BAG BLACK SKULL + 22382 — LUNCH BAG SPACEBOY DESIGN","22383 — LUNCH BAG SUKI DESIGN","252","418","1043","0.014754098360655738","0.6028708133971292","9.872515333483191"
"20725 — LUNCH BAG RED RETROSPOT + 22382 — LUNCH BAG SPACEBOY DESIGN","22384 — LUNCH BAG PINK POLKADOT","251","467","930","0.014695550351288056","0.5374732334047109","9.871013791991894"
"20726 — LUNCH BAG WOODLAND + 20727 — LUNCH BAG BLACK SKULL","22383 — LUNCH BAG SUKI DESIGN","209","347","1043","0.012236533957845434","0.6023054755043228","9.86325745121173"
"20725 — LUNCH BAG RED RETROSPOT + 20728 — LUNCH BAG CARS BLUE","22383 — LUNCH BAG SUKI DESIGN","276","459","1043","0.016159250585480095","0.6013071895424836","9.84690968109839"
"20727 — LUNCH BAG BLACK SKULL + 20728 — LUNCH BAG CARS BLUE + 22384 — LUNCH BAG PINK POLKADOT","20725 — LUNCH BAG RED RETROSPOT","193","260","1288","0.01129976580796253","0.7423076923076923","9.843645484949832"
"23199 — JUMBO BAG APPLES + 23200 — JUMBO BAG PEARS","23203 — JUMBO BAG VINTAGE DOILY","194","312","1079","0.01135831381733021","0.6217948717948718","9.842684346854874"
"20725 — LUNCH BAG RED RETROSPOT + 23206 — LUNCH BAG APPLE DESIGN","23209 — LUNCH BAG VINTAGE DOILY","225","389","1004","0.013173302107728338","0.5784061696658098","9.839818105470151"
"20725 — LUNCH BAG RED RETROSPOT + 20727 — LUNCH BAG BLACK SKULL + 22384 — LUNCH BAG PINK POLKADOT","22383 — LUNCH BAG SUKI DESIGN","185","308","1043","0.010831381733021077","0.6006493506493507","9.836137017345072"
"20727 — LUNCH BAG BLACK SKULL + 23206 — LUNCH BAG APPLE DESIGN","23209 — LUNCH BAG VINTAGE DOILY","185","320","1004","0.010831381733021077","0.578125","9.83503486055777"
"20727 — LUNCH BAG BLACK SKULL + 20728 — LUNCH BAG CARS BLUE","22383 — LUNCH BAG SUKI DESIGN","252","421","1043","0.014754098360655738","0.5985748218527316","9.802164867923928"
"20728 — LUNCH BAG CARS BLUE + 22383 — LUNCH BAG SUKI DESIGN","20726 — LUNCH BAG WOODLAND","212","452","818","0.012412177985948477","0.4690265486725664","9.7933660774174"
"20725 — LUNCH BAG RED RETROSPOT + 22384 — LUNCH BAG PINK POLKADOT","22662 — LUNCH BAG DOLLY GIRL DESIGN","179","523","597","0.010480093676814989","0.3422562141491396","9.791852826913408"
"22384 — LUNCH BAG PINK POLKADOT + 23206 — LUNCH BAG APPLE DESIGN","22383 — LUNCH BAG SUKI DESIGN","173","290","1043","0.010128805620608899","0.596551724137931","9.769034945614441"
"20727 — LUNCH BAG BLACK SKULL + 20728 — LUNCH BAG CARS BLUE","20726 — LUNCH BAG WOODLAND","196","421","818","0.011475409836065573","0.4655581947743468","9.720946169615944"
"22382 — LUNCH BAG SPACEBOY DESIGN + 23206 — LUNCH BAG APPLE DESIGN","22383 — LUNCH BAG SUKI DESIGN","184","310","1043","0.010772833723653397","0.5935483870967742","9.719852781987443"
"22667 — RECIPE BOX RETROSPOT","22666 — RECIPE BOX PANTRY YELLOW DESIGN","206","439","826","0.012060889929742389","0.46924829157175396","9.70310026639898"
"20725 — LUNCH BAG RED RETROSPOT + 20726 — LUNCH BAG WOODLAND","22383 — LUNCH BAG SUKI DESIGN","255","433","1043","0.014929742388758781","0.5889145496535797","9.643969806407615"
"20727 — LUNCH BAG BLACK SKULL + 20728 — LUNCH BAG CARS BLUE + 22383 — LUNCH BAG SUKI DESIGN","20725 — LUNCH BAG RED RETROSPOT","183","252","1288","0.010714285714285714","0.7261904761904762","9.62991718426501"
"21975 — PACK OF 60 DINOSAUR CAKE CASES","21977 — PACK OF 60 PINK PAISLEY CAKE CASES","199","528","669","0.011651053864168618","0.3768939393939394","9.62234452144766"
"22384 — LUNCH BAG PINK POLKADOT + 23209 — LUNCH BAG VINTAGE DOILY","20727 — LUNCH BAG BLACK SKULL","183","310","1050","0.010714285714285714","0.5903225806451613","9.602580645161291"
"20727 — LUNCH BAG BLACK SKULL + 22383 — LUNCH BAG SUKI DESIGN","22384 — LUNCH BAG PINK POLKADOT","243","465","930","0.014227166276346605","0.5225806451612903","9.597502601456815"
"20727 — LUNCH BAG BLACK SKULL + 22383 — LUNCH BAG SUKI DESIGN","20728 — LUNCH BAG CARS BLUE","252","465","965","0.014754098360655738","0.5419354838709678","9.591977268928632"
"20728 — LUNCH BAG CARS BLUE + 23206 — LUNCH BAG APPLE DESIGN","20727 — LUNCH BAG BLACK SKULL","171","290","1050","0.010011709601873536","0.5896551724137931","9.591724137931035"
"20726 — LUNCH BAG WOODLAND + 20728 — LUNCH BAG CARS BLUE","22383 — LUNCH BAG SUKI DESIGN","212","362","1043","0.012412177985948477","0.585635359116022","9.590270310356335"
"20728 — LUNCH BAG CARS BLUE + 22384 — LUNCH BAG PINK POLKADOT","20726 — LUNCH BAG WOODLAND","196","427","818","0.011475409836065573","0.45901639344262296","9.584352078239608"
"20725 — LUNCH BAG RED RETROSPOT + 22384 — LUNCH BAG PINK POLKADOT","20727 — LUNCH BAG BLACK SKULL","308","523","1050","0.018032786885245903","0.5889101338432122","9.579604843849586"
"22386 — JUMBO BAG PINK POLKADOT + 85099B — JUMBO BAG RED RETROSPOT","21929 — JUMBO BAG PINK VINTAGE PAISLEY","184","546","602","0.010772833723653397","0.336996336996337","9.56129142175654"
"21929 — JUMBO BAG PINK VINTAGE PAISLEY","22386 — JUMBO BAG PINK POLKADOT + 85099B — JUMBO BAG RED RETROSPOT","184","602","546","0.010772833723653397","0.30564784053156147","9.561291421756538"
"22383 — LUNCH BAG SUKI DESIGN + 22662 — LUNCH BAG DOLLY GIRL DESIGN","20727 — LUNCH BAG BLACK SKULL","176","300","1050","0.010304449648711944","0.5866666666666667","9.543111111111111"
"20725 — LUNCH BAG RED RETROSPOT + 20727 — LUNCH BAG BLACK SKULL","22662 — LUNCH BAG DOLLY GIRL DESIGN","172","517","597","0.010070257611241218","0.33268858800773693","9.518125767457533"
"20727 — LUNCH BAG BLACK SKULL + 23206 — LUNCH BAG APPLE DESIGN","22382 — LUNCH BAG SPACEBOY DESIGN","176","320","988","0.010304449648711944","0.55","9.508097165991904"
"20725 — LUNCH BAG RED RETROSPOT + 22382 — LUNCH BAG SPACEBOY DESIGN","22383 — LUNCH BAG SUKI DESIGN","271","467","1043","0.015866510538641687","0.5802997858672377","9.502895822255438"
"22382 — LUNCH BAG SPACEBOY DESIGN + 22383 — LUNCH BAG SUKI DESIGN","20728 — LUNCH BAG CARS BLUE","239","447","965","0.013992974238875877","0.5346756152125279","9.463481355264225"
"20725 — LUNCH BAG RED RETROSPOT + 22384 — LUNCH BAG PINK POLKADOT","20726 — LUNCH BAG WOODLAND","237","523","818","0.013875878220140515","0.45315487571701724","9.461962441621827"
"20727 — LUNCH BAG BLACK SKULL + 23206 — LUNCH BAG APPLE DESIGN","20728 — LUNCH BAG CARS BLUE","171","320","965","0.010011709601873536","0.534375","9.458160621761659"
"22383 — LUNCH BAG SUKI DESIGN + 23206 — LUNCH BAG APPLE DESIGN","23209 — LUNCH BAG VINTAGE DOILY","200","360","1004","0.0117096018735363","0.5555555555555556","9.451084550686145"
"20727 — LUNCH BAG BLACK SKULL + 22382 — LUNCH BAG SPACEBOY DESIGN","20728 — LUNCH BAG CARS BLUE","223","418","965","0.013056206088992973","0.5334928229665071","9.44254654535538"
"20725 — LUNCH BAG RED RETROSPOT + 22384 — LUNCH BAG PINK POLKADOT","20728 — LUNCH BAG CARS BLUE","279","523","965","0.01633489461358314","0.5334608030592735","9.44197980958797"
"22382 — LUNCH BAG SPACEBOY DESIGN + 23206 — LUNCH BAG APPLE DESIGN","23209 — LUNCH BAG VINTAGE DOILY","172","310","1004","0.010070257611241218","0.5548387096774193","9.438889602878808"
"22382 — LUNCH BAG SPACEBOY DESIGN + 22662 — LUNCH BAG DOLLY GIRL DESIGN","22383 — LUNCH BAG SUKI DESIGN","205","356","1043","0.012002341920374707","0.5758426966292135","9.429907246813967"
"23203 — JUMBO BAG VINTAGE DOILY + 85099B — JUMBO BAG RED RETROSPOT","23199 — JUMBO BAG APPLES","185","468","716","0.010831381733021077","0.3952991452991453","9.429761734231008"
"20728 — LUNCH BAG CARS BLUE + 22383 — LUNCH BAG SUKI DESIGN","22384 — LUNCH BAG PINK POLKADOT","232","452","930","0.013583138173302109","0.5132743362831859","9.42658673517937"
"23206 — LUNCH BAG APPLE DESIGN","23207 — LUNCH BAG ALPHABET DESIGN","308","865","646","0.018032786885245903","0.3560693641618497","9.41434170260742"
"23207 — LUNCH BAG ALPHABET DESIGN","23206 — LUNCH BAG APPLE DESIGN","308","646","865","0.018032786885245903","0.47678018575851394","9.41434170260742"
"20725 — LUNCH BAG RED RETROSPOT + 22383 — LUNCH BAG SUKI DESIGN","20728 — LUNCH BAG CARS BLUE","276","519","965","0.016159250585480095","0.5317919075144508","9.412441223157327"
"20725 — LUNCH BAG RED RETROSPOT + 20726 — LUNCH BAG WOODLAND","20728 — LUNCH BAG CARS BLUE","230","433","965","0.013466042154566744","0.5311778290993071","9.401572353384628"
"20726 — LUNCH BAG WOODLAND + 23206 — LUNCH BAG APPLE DESIGN","22383 — LUNCH BAG SUKI DESIGN","171","298","1043","0.010011709601873536","0.5738255033557047","9.396874014684023"
"21175 — GIN + TONIC DIET METAL SIGN","21181 — PLEASE ONE PERSON METAL SIGN","260","691","684","0.01522248243559719","0.37626628075253254","9.395655080779614"
"21181 — PLEASE ONE PERSON METAL SIGN","21175 — GIN + TONIC DIET METAL SIGN","260","684","691","0.01522248243559719","0.38011695906432746","9.395655080779614"
"20726 — LUNCH BAG WOODLAND + 22383 — LUNCH BAG SUKI DESIGN","20727 — LUNCH BAG BLACK SKULL","209","362","1050","0.012236533957845434","0.5773480662983426","9.391528545119705"
"20727 — LUNCH BAG BLACK SKULL + 22383 — LUNCH BAG SUKI DESIGN","20726 — LUNCH BAG WOODLAND","209","465","818","0.012236533957845434","0.44946236559139785","9.384862107947525"
"20725 — LUNCH BAG RED RETROSPOT + 23209 — LUNCH BAG VINTAGE DOILY","22384 — LUNCH BAG PINK POLKADOT","214","419","930","0.01252927400468384","0.5107398568019093","9.380039520620011"
"20727 — LUNCH BAG BLACK SKULL + 22383 — LUNCH BAG SUKI DESIGN","22382 — LUNCH BAG SPACEBOY DESIGN","252","465","988","0.014754098360655738","0.5419354838709678","9.368682251534544"
"20726 — LUNCH BAG WOODLAND + 22383 — LUNCH BAG SUKI DESIGN","20725 — LUNCH BAG RED RETROSPOT","255","362","1288","0.014929742388758781","0.7044198895027625","9.34122027384098"
"22411 — JUMBO SHOPPER VINTAGE RED PAISLEY + 85099B — JUMBO BAG RED RETROSPOT","22386 — JUMBO BAG PINK POLKADOT","188","396","869","0.011007025761124122","0.47474747474747475","9.331055084795016"
"20726 — LUNCH BAG WOODLAND + 22383 — LUNCH BAG SUKI DESIGN","23206 — LUNCH BAG APPLE DESIGN","171","362","865","0.010011709601873536","0.4723756906077348","9.327372018011689"
"21931 — JUMBO STORAGE BAG SUKI + 85099B — JUMBO BAG RED RETROSPOT","22411 — JUMBO SHOPPER VINTAGE RED PAISLEY","187","434","790","0.01094847775175644","0.4308755760368664","9.315639036341365"
"20725 — LUNCH BAG RED RETROSPOT + 20727 — LUNCH BAG BLACK SKULL","20726 — LUNCH BAG WOODLAND","230","517","818","0.013466042154566744","0.4448742746615087","9.28906187190534"
"20725 — LUNCH BAG RED RETROSPOT + 20728 — LUNCH BAG CARS BLUE","20727 — LUNCH BAG BLACK SKULL","262","459","1050","0.015339578454332552","0.5708061002178649","9.285112563543937"
"22383 — LUNCH BAG SUKI DESIGN + 22384 — LUNCH BAG PINK POLKADOT","20725 — LUNCH BAG RED RETROSPOT","280","400","1288","0.01639344262295082","0.7","9.282608695652172"
"20728 — LUNCH BAG CARS BLUE + 22382 — LUNCH BAG SPACEBOY DESIGN","20727 — LUNCH BAG BLACK SKULL","223","391","1050","0.013056206088992973","0.5703324808184144","9.277408354646207"
"84992 — 72 SWEETHEART FAIRY CAKE CASES","21977 — PACK OF 60 PINK PAISLEY CAKE CASES","182","501","669","0.010655737704918032","0.36327345309381237","9.27460475163276"
"21213 — PACK OF 72 SKULL CAKE CASES","84991 — 60 TEATIME FAIRY CAKE CASES","177","497","657","0.010362997658079626","0.3561368209255533","9.258473213711492"
"22382 — LUNCH BAG SPACEBOY DESIGN + 23206 — LUNCH BAG APPLE DESIGN","20727 — LUNCH BAG BLACK SKULL","176","310","1050","0.010304449648711944","0.567741935483871","9.235268817204302"
"22385 — JUMBO BAG SPACEBOY DESIGN","21931 — JUMBO STORAGE BAG SUKI","199","476","774","0.011651053864168618","0.4180672268907563","9.225566195470437"
"21930 — JUMBO STORAGE BAG SKULLS","21931 — JUMBO STORAGE BAG SUKI","196","469","774","0.011475409836065573","0.417910447761194","9.22210652165529"
"20726 — LUNCH BAG WOODLAND + 22382 — LUNCH BAG SPACEBOY DESIGN","20728 — LUNCH BAG CARS BLUE","211","405","965","0.012353629976580797","0.5209876543209877","9.221211539691678"
"22382 — LUNCH BAG SPACEBOY DESIGN + 23209 — LUNCH BAG VINTAGE DOILY","20727 — LUNCH BAG BLACK SKULL","175","309","1050","0.010245901639344262","0.5663430420711975","9.212513484358146"
"20725 — LUNCH BAG RED RETROSPOT + 23206 — LUNCH BAG APPLE DESIGN","22383 — LUNCH BAG SUKI DESIGN","218","389","1043","0.012763466042154567","0.5604113110539846","9.177205362226324"
"20726 — LUNCH BAG WOODLAND + 22662 — LUNCH BAG DOLLY GIRL DESIGN","20725 — LUNCH BAG RED RETROSPOT","175","253","1288","0.010245901639344262","0.691699604743083","9.172538236810448"
"22382 — LUNCH BAG SPACEBOY DESIGN + 22383 — LUNCH BAG SUKI DESIGN","20727 — LUNCH BAG BLACK SKULL","252","447","1050","0.014754098360655738","0.5637583892617449","9.170469798657718"
"85099B — JUMBO BAG RED RETROSPOT + 85099F — JUMBO BAG STRAWBERRY","21931 — JUMBO STORAGE BAG SUKI","172","414","774","0.010070257611241218","0.41545893719806765","9.168008588298445"
"20725 — LUNCH BAG RED RETROSPOT + 23206 — LUNCH BAG APPLE DESIGN","22384 — LUNCH BAG PINK POLKADOT","194","389","930","0.01135831381733021","0.4987146529562982","9.159189540315671"
"22411 — JUMBO SHOPPER VINTAGE RED PAISLEY","21929 — JUMBO BAG PINK VINTAGE PAISLEY","255","790","602","0.014929742388758781","0.3227848101265823","9.158080659405359"
"21929 — JUMBO BAG PINK VINTAGE PAISLEY","22411 — JUMBO SHOPPER VINTAGE RED PAISLEY","255","602","790","0.014929742388758781","0.42358803986710963","9.158080659405357"
"20727 — LUNCH BAG BLACK SKULL + 20728 — LUNCH BAG CARS BLUE","22382 — LUNCH BAG SPACEBOY DESIGN","223","421","988","0.013056206088992973","0.5296912114014252","9.157010010866742"
"22384 — LUNCH BAG PINK POLKADOT + 23209 — LUNCH BAG VINTAGE DOILY","20725 — LUNCH BAG RED RETROSPOT","214","310","1288","0.01252927400468384","0.6903225806451613","9.154277699859747"
"21928 — JUMBO BAG SCANDINAVIAN BLUE PAISLEY","22411 — JUMBO SHOPPER VINTAGE RED PAISLEY","229","541","790","0.013407494145199064","0.4232902033271719","9.151641358010247"
"23200 — JUMBO BAG PEARS","23203 — JUMBO BAG VINTAGE DOILY","271","469","1079","0.015866510538641687","0.5778251599147122","9.146667035535943"
"20728 — LUNCH BAG CARS BLUE + 22383 — LUNCH BAG SUKI DESIGN","22382 — LUNCH BAG SPACEBOY DESIGN","239","452","988","0.013992974238875877","0.5287610619469026","9.140930099244025"
"22383 — LUNCH BAG SUKI DESIGN + 23209 — LUNCH BAG VINTAGE DOILY","20727 — LUNCH BAG BLACK SKULL","186","331","1050","0.01088992974238876","0.5619335347432024","9.140785498489425"
"22952 — 60 CAKE CASES VINTAGE CHRISTMAS","22910 — PAPER CHAIN KIT VINTAGE CHRISTMAS","173","467","693","0.010128805620608899","0.37044967880085655","9.130274911859495"
"22383 — LUNCH BAG SUKI DESIGN + 23206 — LUNCH BAG APPLE DESIGN","20727 — LUNCH BAG BLACK SKULL","202","360","1050","0.011826697892271663","0.5611111111111111","9.127407407407407"
"21928 — JUMBO BAG SCANDINAVIAN BLUE PAISLEY","85099F — JUMBO BAG STRAWBERRY","189","541","654","0.011065573770491803","0.34935304990757854","9.123776899726975"
"23209 — LUNCH BAG VINTAGE DOILY","23208 — LUNCH BAG VINTAGE LEAF DESIGN","319","1004","595","0.018676814988290397","0.31772908366533864","9.120693695805016"
"23208 — LUNCH BAG VINTAGE LEAF DESIGN","23209 — LUNCH BAG VINTAGE DOILY","319","595","1004","0.018676814988290397","0.5361344537815126","9.120693695805015"
"20727 — LUNCH BAG BLACK SKULL + 23209 — LUNCH BAG VINTAGE DOILY","22383 — LUNCH BAG SUKI DESIGN","186","334","1043","0.01088992974238876","0.5568862275449101","9.119479162480408"
"20727 — LUNCH BAG BLACK SKULL + 22382 — LUNCH BAG SPACEBOY DESIGN + 22383 — LUNCH BAG SUKI DESIGN","20725 — LUNCH BAG RED RETROSPOT","173","252","1288","0.010128805620608899","0.6865079365079365","9.103692201518287"
"22469 — HEART OF WICKER SMALL","22470 — HEART OF WICKER LARGE","407","957","799","0.02382903981264637","0.42528735632183906","9.091249118869852"
"22470 — HEART OF WICKER LARGE","22469 — HEART OF WICKER SMALL","407","799","957","0.02382903981264637","0.509386733416771","9.091249118869852"
"20726 — LUNCH BAG WOODLAND + 22382 — LUNCH BAG SPACEBOY DESIGN","22384 — LUNCH BAG PINK POLKADOT","200","405","930","0.0117096018735363","0.49382716049382713","9.069427850789857"
"22382 — LUNCH BAG SPACEBOY DESIGN + 22384 — LUNCH BAG PINK POLKADOT","20725 — LUNCH BAG RED RETROSPOT","251","367","1288","0.014695550351288056","0.6839237057220708","9.069423054140504"
"20728 — LUNCH BAG CARS BLUE + 22383 — LUNCH BAG SUKI DESIGN","20727 — LUNCH BAG BLACK SKULL","252","452","1050","0.014754098360655738","0.5575221238938053","9.069026548672566"
"20727 — LUNCH BAG BLACK SKULL + 23209 — LUNCH BAG VINTAGE DOILY","22382 — LUNCH BAG SPACEBOY DESIGN","175","334","988","0.010245901639344262","0.5239520958083832","9.057795340493103"
"20725 — LUNCH BAG RED RETROSPOT + 22662 — LUNCH BAG DOLLY GIRL DESIGN","20727 — LUNCH BAG BLACK SKULL","172","309","1050","0.010070257611241218","0.5566343042071198","9.054584681769148"
"20725 — LUNCH BAG RED RETROSPOT + 22383 — LUNCH BAG SUKI DESIGN","22382 — LUNCH BAG SPACEBOY DESIGN","271","519","988","0.015866510538641687","0.5221579961464354","9.026779933381697"
"22111 — SCOTTIE DOG HOT WATER BOTTLE","22112 — CHOCOLATE HOT WATER BOTTLE","240","655","694","0.01405152224824356","0.366412213740458","9.017753041335768"
"22112 — CHOCOLATE HOT WATER BOTTLE","22111 — SCOTTIE DOG HOT WATER BOTTLE","240","694","655","0.01405152224824356","0.345821325648415","9.017753041335768"
"21136 — PAINTED METAL PEARS ASSORTED","84879 — ASSORTED COLOUR BIRD ORNAMENT","255","352","1373","0.014929742388758781","0.7244318181818182","9.011868502946434"
"20728 — LUNCH BAG CARS BLUE + 22384 — LUNCH BAG PINK POLKADOT","22382 — LUNCH BAG SPACEBOY DESIGN","222","427","988","0.012997658079625293","0.5199063231850117","8.987854251012147"
"22383 — LUNCH BAG SUKI DESIGN + 22662 — LUNCH BAG DOLLY GIRL DESIGN","20725 — LUNCH BAG RED RETROSPOT","203","300","1288","0.011885245901639344","0.6766666666666666","8.973188405797101"
"20725 — LUNCH BAG RED RETROSPOT + 20727 — LUNCH BAG BLACK SKULL","20728 — LUNCH BAG CARS BLUE","262","517","965","0.015339578454332552","0.5067698259187621","8.969563343722752"
"22384 — LUNCH BAG PINK POLKADOT + 85099B — JUMBO BAG RED RETROSPOT","20725 — LUNCH BAG RED RETROSPOT","187","277","1288","0.01094847775175644","0.6750902527075813","8.952283785904882"
"20725 — LUNCH BAG RED RETROSPOT + 22382 — LUNCH BAG SPACEBOY DESIGN","20727 — LUNCH BAG BLACK SKULL","257","467","1050","0.015046838407494146","0.550321199143469","8.951891506067096"
"20727 — LUNCH BAG BLACK SKULL + 22384 — LUNCH BAG PINK POLKADOT","20726 — LUNCH BAG WOODLAND","198","464","818","0.011592505854800936","0.4267241379310345","8.910083466824045"
"20725 — LUNCH BAG RED RETROSPOT + 22382 — LUNCH BAG SPACEBOY DESIGN","20728 — LUNCH BAG CARS BLUE","235","467","965","0.013758782201405152","0.5032119914346895","8.906591516792226"
"22383 — LUNCH BAG SUKI DESIGN + 23206 — LUNCH BAG APPLE DESIGN","20728 — LUNCH BAG CARS BLUE","181","360","965","0.010597189695550352","0.5027777777777778","8.898906160046057"
"20728 — LUNCH BAG CARS BLUE + 22384 — LUNCH BAG PINK POLKADOT","22383 — LUNCH BAG SUKI DESIGN","232","427","1043","0.013583138173302109","0.5433255269320844","8.897411313518697"
"22386 — JUMBO BAG PINK POLKADOT + 85099B — JUMBO BAG RED RETROSPOT","21931 — JUMBO STORAGE BAG SUKI","220","546","774","0.01288056206088993","0.40293040293040294","8.891539124097264"
"22951 — 60 CAKE CASES DOLLY GIRL DESIGN","21212 — PACK OF 72 RETROSPOT CAKE CASES","189","353","1029","0.011065573770491803","0.5354107648725213","8.887090246863618"
"22384 — LUNCH BAG PINK POLKADOT + 23206 — LUNCH BAG APPLE DESIGN","20725 — LUNCH BAG RED RETROSPOT","194","290","1288","0.01135831381733021","0.6689655172413793","8.871064467766116"
"20725 — LUNCH BAG RED RETROSPOT + 20727 — LUNCH BAG BLACK SKULL","22383 — LUNCH BAG SUKI DESIGN","280","517","1043","0.01639344262295082","0.5415860735009671","8.86892630431114"
"20725 — LUNCH BAG RED RETROSPOT + 20728 — LUNCH BAG CARS BLUE","22382 — LUNCH BAG SPACEBOY DESIGN","235","459","988","0.013758782201405152","0.5119825708061002","8.850872782761327"
"20726 — LUNCH BAG WOODLAND","22662 — LUNCH BAG DOLLY GIRL DESIGN","253","818","597","0.014812646370023419","0.3092909535452323","8.848726108128254"
"22662 — LUNCH BAG DOLLY GIRL DESIGN","20726 — LUNCH BAG WOODLAND","253","597","818","0.014812646370023419","0.423785594639866","8.848726108128252"
"20725 — LUNCH BAG RED RETROSPOT + 20726 — LUNCH BAG WOODLAND","23206 — LUNCH BAG APPLE DESIGN","194","433","865","0.01135831381733021","0.44803695150115475","8.846787435421644"
"22835 — HOT WATER BOTTLE I AM SO POORLY","23355 — HOT WATER BOTTLE KEEP CALM","187","505","715","0.01094847775175644","0.3702970297029703","8.845696877380046"
"22386 — JUMBO BAG PINK POLKADOT + 85099B — JUMBO BAG RED RETROSPOT","85099C — JUMBO BAG BAROQUE BLACK WHITE","182","546","644","0.010655737704918032","0.3333333333333333","8.840579710144926"
"22383 — LUNCH BAG SUKI DESIGN + 23206 — LUNCH BAG APPLE DESIGN","22382 — LUNCH BAG SPACEBOY DESIGN","184","360","988","0.010772833723653397","0.5111111111111111","8.835807467386415"
"22382 — LUNCH BAG SPACEBOY DESIGN + 22384 — LUNCH BAG PINK POLKADOT","22383 — LUNCH BAG SUKI DESIGN","198","367","1043","0.011592505854800936","0.5395095367847411","8.834921273521935"
"22383 — LUNCH BAG SUKI DESIGN + 23206 — LUNCH BAG APPLE DESIGN","22384 — LUNCH BAG PINK POLKADOT","173","360","930","0.010128805620608899","0.48055555555555557","8.825686977299881"
"20726 — LUNCH BAG WOODLAND + 22382 — LUNCH BAG SPACEBOY DESIGN","22383 — LUNCH BAG SUKI DESIGN","218","405","1043","0.012763466042154567","0.5382716049382716","8.81464910100257"
"23199 — JUMBO BAG APPLES","23201 — JUMBO BAG ALPHABET","277","716","750","0.016217798594847774","0.38687150837988826","8.810353817504655"
"23201 — JUMBO BAG ALPHABET","23199 — JUMBO BAG APPLES","277","750","716","0.016217798594847774","0.36933333333333335","8.810353817504655"
"20726 — LUNCH BAG WOODLAND + 20728 — LUNCH BAG CARS BLUE","20727 — LUNCH BAG BLACK SKULL","196","362","1050","0.011475409836065573","0.5414364640883977","8.807366482504603"
"22386 — JUMBO BAG PINK POLKADOT","85099F — JUMBO BAG STRAWBERRY","293","869","654","0.01715456674473068","0.33716915995397007","8.80557989604558"
"85099F — JUMBO BAG STRAWBERRY","22386 — JUMBO BAG PINK POLKADOT","293","654","869","0.01715456674473068","0.44801223241590216","8.80557989604558"
"20727 — LUNCH BAG BLACK SKULL + 22384 — LUNCH BAG PINK POLKADOT","20725 — LUNCH BAG RED RETROSPOT","308","464","1288","0.018032786885245903","0.6637931034482759","8.80247376311844"
"20726 — LUNCH BAG WOODLAND + 20727 — LUNCH BAG BLACK SKULL","20725 — LUNCH BAG RED RETROSPOT","230","347","1288","0.013466042154566744","0.6628242074927954","8.789625360230547"
"23202 — JUMBO BAG VINTAGE LEAF","23203 — JUMBO BAG VINTAGE DOILY","428","772","1079","0.02505854800936768","0.5544041450777202","8.775924743213587"
"23203 — JUMBO BAG VINTAGE DOILY","23202 — JUMBO BAG VINTAGE LEAF","428","1079","772","0.02505854800936768","0.39666357738646896","8.775924743213587"
"20725 — LUNCH BAG RED RETROSPOT + 22383 — LUNCH BAG SUKI DESIGN","20727 — LUNCH BAG BLACK SKULL","280","519","1050","0.01639344262295082","0.5394990366088632","8.775850995504175"
"23199 — JUMBO BAG APPLES","23202 — JUMBO BAG VINTAGE LEAF","284","716","772","0.016627634660421546","0.39664804469273746","8.775581092424813"
"23202 — JUMBO BAG VINTAGE LEAF","23199 — JUMBO BAG APPLES","284","772","716","0.016627634660421546","0.36787564766839376","8.775581092424812"
"20725 — LUNCH BAG RED RETROSPOT + 22384 — LUNCH BAG PINK POLKADOT","22383 — LUNCH BAG SUKI DESIGN","280","523","1043","0.01639344262295082","0.5353728489483748","8.767179539825735"
"21929 — JUMBO BAG PINK VINTAGE PAISLEY","85099F — JUMBO BAG STRAWBERRY","201","602","654","0.011768149882903981","0.3338870431893688","8.719863452101558"
"85099F — JUMBO BAG STRAWBERRY","21929 — JUMBO BAG PINK VINTAGE PAISLEY","201","654","602","0.011768149882903981","0.3073394495412844","8.719863452101558"
"20725 — LUNCH BAG RED RETROSPOT + 23206 — LUNCH BAG APPLE DESIGN","22382 — LUNCH BAG SPACEBOY DESIGN","196","389","988","0.011475409836065573","0.5038560411311054","8.710385812266477"
"21930 — JUMBO STORAGE BAG SKULLS","22386 — JUMBO BAG PINK POLKADOT","207","469","869","0.01211943793911007","0.44136460554371004","8.674922281572575"
"20728 — LUNCH BAG CARS BLUE + 22384 — LUNCH BAG PINK POLKADOT","20725 — LUNCH BAG RED RETROSPOT","279","427","1288","0.01633489461358314","0.6533957845433255","8.664596273291924"
"22417 — PACK OF 60 SPACEBOY CAKE CASES","21212 — PACK OF 72 RETROSPOT CAKE CASES","212","407","1029","0.012412177985948477","0.5208845208845209","8.645974360260075"
"20725 — LUNCH BAG RED RETROSPOT + 20726 — LUNCH BAG WOODLAND","20727 — LUNCH BAG BLACK SKULL","230","433","1050","0.013466042154566744","0.5311778290993071","8.640492686682062"
"20727 — LUNCH BAG BLACK SKULL + 22662 — LUNCH BAG DOLLY GIRL DESIGN","20725 — LUNCH BAG RED RETROSPOT","172","264","1288","0.010070257611241218","0.6515151515151515","8.63965744400527"
"20726 — LUNCH BAG WOODLAND + 23206 — LUNCH BAG APPLE DESIGN","20725 — LUNCH BAG RED RETROSPOT","194","298","1288","0.01135831381733021","0.6510067114093959","8.63291508608112"
"20727 — LUNCH BAG BLACK SKULL + 85099B — JUMBO BAG RED RETROSPOT","20725 — LUNCH BAG RED RETROSPOT","177","272","1288","0.010362997658079626","0.6507352941176471","8.629315856777493"
"23206 — LUNCH BAG APPLE DESIGN + 23209 — LUNCH BAG VINTAGE DOILY","22383 — LUNCH BAG SUKI DESIGN","200","380","1043","0.0117096018735363","0.5263157894736842","8.618862592723419"
"22383 — LUNCH BAG SUKI DESIGN + 85099B — JUMBO BAG RED RETROSPOT","20725 — LUNCH BAG RED RETROSPOT","176","271","1288","0.010304449648711944","0.6494464944649446","8.612225252687308"
"21928 — JUMBO BAG SCANDINAVIAN BLUE PAISLEY + 22386 — JUMBO BAG PINK POLKADOT","85099B — JUMBO BAG RED RETROSPOT","182","228","1584","0.010655737704918032","0.7982456140350878","8.607345383661174"
"23204 — CHARLOTTE BAG APPLES DESIGN","23206 — LUNCH BAG APPLE DESIGN","185","425","865","0.010831381733021077","0.43529411764705883","8.595171710302619"
"20725 — LUNCH BAG RED RETROSPOT + 20727 — LUNCH BAG BLACK SKULL","22382 — LUNCH BAG SPACEBOY DESIGN","257","517","988","0.015046838407494146","0.49709864603481624","8.593567686512815"
"20727 — LUNCH BAG BLACK SKULL + 22383 — LUNCH BAG SUKI DESIGN","23206 — LUNCH BAG APPLE DESIGN","202","465","865","0.011826697892271663","0.4344086021505376","8.577686618186338"
"20727 — LUNCH BAG BLACK SKULL + 22384 — LUNCH BAG PINK POLKADOT","22383 — LUNCH BAG SUKI DESIGN","243","464","1043","0.014227166276346605","0.5237068965517241","8.576139782457764"
"20726 — LUNCH BAG WOODLAND","22382 — LUNCH BAG SPACEBOY DESIGN","405","818","988","0.023711943793911006","0.49511002444987773","8.559189491501934"
"22382 — LUNCH BAG SPACEBOY DESIGN","20726 — LUNCH BAG WOODLAND","405","988","818","0.023711943793911006","0.409919028340081","8.559189491501934"
"22383 — LUNCH BAG SUKI DESIGN + 22384 — LUNCH BAG PINK POLKADOT","22382 — LUNCH BAG SPACEBOY DESIGN","198","400","988","0.011592505854800936","0.495","8.557287449392712"
"22659 — LUNCH BOX I LOVE LONDON","22629 — SPACEBOY LUNCH BOX","176","499","704","0.010304449648711944","0.3527054108216433","8.557114228456914"
"20725 — LUNCH BAG RED RETROSPOT + 85099B — JUMBO BAG RED RETROSPOT","22386 — JUMBO BAG PINK POLKADOT","185","425","869","0.010831381733021077","0.43529411764705883","8.555608204156231"
"21931 — JUMBO STORAGE BAG SUKI + 85099F — JUMBO BAG STRAWBERRY","85099B — JUMBO BAG RED RETROSPOT","172","217","1584","0.010070257611241218","0.7926267281105991","8.546757901596612"
"22383 — LUNCH BAG SUKI DESIGN + 22384 — LUNCH BAG PINK POLKADOT","23206 — LUNCH BAG APPLE DESIGN","173","400","865","0.010128805620608899","0.4325","8.54"
"22386 — JUMBO BAG PINK POLKADOT + 85099F — JUMBO BAG STRAWBERRY","85099B — JUMBO BAG RED RETROSPOT","232","293","1584","0.013583138173302109","0.7918088737201365","8.537939118143896"
"20725 — LUNCH BAG RED RETROSPOT + 23206 — LUNCH BAG APPLE DESIGN","20727 — LUNCH BAG BLACK SKULL","204","389","1050","0.011943793911007026","0.5244215938303342","8.530591259640103"
"22383 — LUNCH BAG SUKI DESIGN + 23209 — LUNCH BAG VINTAGE DOILY","20725 — LUNCH BAG RED RETROSPOT","212","331","1288","0.012412177985948477","0.6404833836858006","8.493366609746486"
"20726 — LUNCH BAG WOODLAND + 22382 — LUNCH BAG SPACEBOY DESIGN","23206 — LUNCH BAG APPLE DESIGN","174","405","865","0.010187353629976581","0.42962962962962964","8.483322628987368"
"22112 — CHOCOLATE HOT WATER BOTTLE","23355 — HOT WATER BOTTLE KEEP CALM","246","694","715","0.014402810304449648","0.35446685878962536","8.467543983394128"
"23355 — HOT WATER BOTTLE KEEP CALM","22112 — CHOCOLATE HOT WATER BOTTLE","246","715","694","0.014402810304449648","0.34405594405594403","8.467543983394126"
"20727 — LUNCH BAG BLACK SKULL + 23206 — LUNCH BAG APPLE DESIGN","20725 — LUNCH BAG RED RETROSPOT","204","320","1288","0.011943793911007026","0.6375","8.453804347826086"
"20726 — LUNCH BAG WOODLAND + 22382 — LUNCH BAG SPACEBOY DESIGN","20725 — LUNCH BAG RED RETROSPOT","258","405","1288","0.015105386416861826","0.6370370370370371","8.447665056360709"
"21931 — JUMBO STORAGE BAG SUKI + 22386 — JUMBO BAG PINK POLKADOT","85099B — JUMBO BAG RED RETROSPOT","220","281","1584","0.01288056206088993","0.7829181494661922","8.442071965203638"
"20726 — LUNCH BAG WOODLAND + 22382 — LUNCH BAG SPACEBOY DESIGN","20727 — LUNCH BAG BLACK SKULL","210","405","1050","0.012295081967213115","0.5185185185185185","8.434567901234567"
"20726 — LUNCH BAG WOODLAND + 20728 — LUNCH BAG CARS BLUE","20725 — LUNCH BAG RED RETROSPOT","230","362","1288","0.013466042154566744","0.6353591160220995","8.425414364640885"
"22385 — JUMBO BAG SPACEBOY DESIGN","22386 — JUMBO BAG PINK POLKADOT","204","476","869","0.011943793911007026","0.42857142857142855","8.423475258918296"
"22382 — LUNCH BAG SPACEBOY DESIGN + 22662 — LUNCH BAG DOLLY GIRL DESIGN","20727 — LUNCH BAG BLACK SKULL","184","356","1050","0.010772833723653397","0.5168539325842697","8.407490636704122"
"21975 — PACK OF 60 DINOSAUR CAKE CASES","21212 — PACK OF 72 RETROSPOT CAKE CASES","267","528","1029","0.01563231850117096","0.5056818181818182","8.393630179344466"
"22382 — LUNCH BAG SPACEBOY DESIGN + 23206 — LUNCH BAG APPLE DESIGN","20725 — LUNCH BAG RED RETROSPOT","196","310","1288","0.011475409836065573","0.632258064516129","8.384291725105188"
"20727 — LUNCH BAG BLACK SKULL + 22384 — LUNCH BAG PINK POLKADOT","22382 — LUNCH BAG SPACEBOY DESIGN","225","464","988","0.013173302107728338","0.4849137931034483","8.382922658104146"
"20725 — LUNCH BAG RED RETROSPOT + 22386 — JUMBO BAG PINK POLKADOT","85099B — JUMBO BAG RED RETROSPOT","185","238","1584","0.010831381733021077","0.7773109243697479","8.381610219845514"
"21485 — RETROSPOT HEART HOT WATER BOTTLE","22112 — CHOCOLATE HOT WATER BOTTLE","181","533","694","0.010597189695550352","0.3395872420262664","8.357564976669495"
"23243 — SET OF TEA COFFEE SUGAR TINS PANTRY","22720 — SET OF 3 CAKE TINS PANTRY DESIGN","214","385","1137","0.01252927400468384","0.5558441558441558","8.349884064923643"
"23199 — JUMBO BAG APPLES + 85099B — JUMBO BAG RED RETROSPOT","23203 — JUMBO BAG VINTAGE DOILY","185","351","1079","0.010831381733021077","0.5270655270655271","8.343168862167936"
"21212 — PACK OF 72 RETROSPOT CAKE CASES","84991 — 60 TEATIME FAIRY CAKE CASES","330","1029","657","0.019320843091334895","0.3206997084548105","8.337216165004815"
"84991 — 60 TEATIME FAIRY CAKE CASES","21212 — PACK OF 72 RETROSPOT CAKE CASES","330","657","1029","0.019320843091334895","0.502283105022831","8.337216165004815"
"20727 — LUNCH BAG BLACK SKULL + 22382 — LUNCH BAG SPACEBOY DESIGN","23206 — LUNCH BAG APPLE DESIGN","176","418","865","0.010304449648711944","0.42105263157894735","8.313964101003954"
"85099C — JUMBO BAG BAROQUE BLACK WHITE","85099F — JUMBO BAG STRAWBERRY","205","644","654","0.012002341920374707","0.31832298136645965","8.313389176971148"
"85099F — JUMBO BAG STRAWBERRY","85099C — JUMBO BAG BAROQUE BLACK WHITE","205","654","644","0.012002341920374707","0.31345565749235477","8.313389176971148"
"21977 — PACK OF 60 PINK PAISLEY CAKE CASES","21212 — PACK OF 72 RETROSPOT CAKE CASES","335","669","1029","0.019613583138173303","0.5007473841554559","8.311725288022535"
"21212 — PACK OF 72 RETROSPOT CAKE CASES","21977 — PACK OF 60 PINK PAISLEY CAKE CASES","335","1029","669","0.019613583138173303","0.32555879494655005","8.311725288022533"
"22386 — JUMBO BAG PINK POLKADOT + 22411 — JUMBO SHOPPER VINTAGE RED PAISLEY","85099B — JUMBO BAG RED RETROSPOT","188","244","1584","0.011007025761124122","0.7704918032786885","8.308080808080808"
"20725 — LUNCH BAG RED RETROSPOT + 22384 — LUNCH BAG PINK POLKADOT","22382 — LUNCH BAG SPACEBOY DESIGN","251","523","988","0.014695550351288056","0.47992351816443596","8.29665353264025"
"20725 — LUNCH BAG RED RETROSPOT + 22383 — LUNCH BAG SUKI DESIGN","23206 — LUNCH BAG APPLE DESIGN","218","519","865","0.012763466042154567","0.42003853564547206","8.293940102687472"
"20725 — LUNCH BAG RED RETROSPOT + 22382 — LUNCH BAG SPACEBOY DESIGN","23206 — LUNCH BAG APPLE DESIGN","196","467","865","0.011475409836065573","0.4197002141327623","8.287259719523215"
"20725 — LUNCH BAG RED RETROSPOT + 23209 — LUNCH BAG VINTAGE DOILY","22383 — LUNCH BAG SUKI DESIGN","212","419","1043","0.012412177985948477","0.5059665871121718","8.285627332575162"
"21928 — JUMBO BAG SCANDINAVIAN BLUE PAISLEY","22386 — JUMBO BAG PINK POLKADOT","228","541","869","0.013348946135831381","0.4214417744916821","8.28334350784572"
"21213 — PACK OF 72 SKULL CAKE CASES","21212 — PACK OF 72 RETROSPOT CAKE CASES","248","497","1029","0.014519906323185013","0.49899396378269617","8.28262089544067"
"21929 — JUMBO BAG PINK VINTAGE PAISLEY","22386 — JUMBO BAG PINK POLKADOT","253","602","869","0.014812646370023419","0.420265780730897","8.260229614365617"
"85099C — JUMBO BAG BAROQUE BLACK WHITE","21931 — JUMBO STORAGE BAG SUKI","241","644","774","0.014110070257611242","0.37422360248447206","8.258060892034603"
"21931 — JUMBO STORAGE BAG SUKI","85099C — JUMBO BAG BAROQUE BLACK WHITE","241","774","644","0.014110070257611242","0.31136950904392763","8.258060892034601"
"20727 — LUNCH BAG BLACK SKULL + 20728 — LUNCH BAG CARS BLUE","20725 — LUNCH BAG RED RETROSPOT","262","421","1288","0.015339578454332552","0.6223277909738717","8.252607662914384"
"22662 — LUNCH BAG DOLLY GIRL DESIGN","22383 — LUNCH BAG SUKI DESIGN","300","597","1043","0.01756440281030445","0.5025125628140703","8.22906478702236"
"20727 — LUNCH BAG BLACK SKULL + 23209 — LUNCH BAG VINTAGE DOILY","20725 — LUNCH BAG RED RETROSPOT","207","334","1288","0.01211943793911007","0.6197604790419161","8.218562874251496"
"23202 — JUMBO BAG VINTAGE LEAF + 23203 — JUMBO BAG VINTAGE DOILY","23209 — LUNCH BAG VINTAGE DOILY","206","428","1004","0.012060889929742389","0.48130841121495327","8.18799568082809"
"23199 — JUMBO BAG APPLES","23206 — LUNCH BAG APPLE DESIGN","296","716","865","0.017330210772833723","0.4134078212290503","8.163012238834888"
"23206 — LUNCH BAG APPLE DESIGN","23199 — JUMBO BAG APPLES","296","865","716","0.017330210772833723","0.3421965317919075","8.163012238834888"
"20727 — LUNCH BAG BLACK SKULL + 22382 — LUNCH BAG SPACEBOY DESIGN","20725 — LUNCH BAG RED RETROSPOT","257","418","1288","0.015046838407494146","0.6148325358851675","8.153214062825047"
"23201 — JUMBO BAG ALPHABET","23207 — LUNCH BAG ALPHABET DESIGN","231","750","646","0.013524590163934426","0.308","8.143405572755418"
"23207 — LUNCH BAG ALPHABET DESIGN","23201 — JUMBO BAG ALPHABET","231","646","750","0.013524590163934426","0.35758513931888547","8.143405572755418"
"22382 — LUNCH BAG SPACEBOY DESIGN + 22383 — LUNCH BAG SUKI DESIGN","22384 — LUNCH BAG PINK POLKADOT","198","447","930","0.011592505854800936","0.4429530201342282","8.135094176228622"
"22382 — LUNCH BAG SPACEBOY DESIGN + 22383 — LUNCH BAG SUKI DESIGN","23206 — LUNCH BAG APPLE DESIGN","184","447","865","0.010772833723653397","0.4116331096196868","8.127969378386418"
"20728 — LUNCH BAG CARS BLUE","22384 — LUNCH BAG PINK POLKADOT","427","965","930","0.025","0.44248704663212435","8.126536297286757"
"22384 — LUNCH BAG PINK POLKADOT","20728 — LUNCH BAG CARS BLUE","427","930","965","0.025","0.4591397849462366","8.126536297286757"
"20727 — LUNCH BAG BLACK SKULL","22384 — LUNCH BAG PINK POLKADOT","464","1050","930","0.027166276346604217","0.4419047619047619","8.11584229390681"
"22384 — LUNCH BAG PINK POLKADOT","20727 — LUNCH BAG BLACK SKULL","464","930","1050","0.027166276346604217","0.4989247311827957","8.11584229390681"
"20728 — LUNCH BAG CARS BLUE + 22383 — LUNCH BAG SUKI DESIGN","20725 — LUNCH BAG RED RETROSPOT","276","452","1288","0.016159250585480095","0.6106194690265486","8.097345132743362"
"20725 — LUNCH BAG RED RETROSPOT + 85099B — JUMBO BAG RED RETROSPOT","22384 — LUNCH BAG PINK POLKADOT","187","425","930","0.01094847775175644","0.44","8.080860215053765"
"23203 — JUMBO BAG VINTAGE DOILY + 85099B — JUMBO BAG RED RETROSPOT","22386 — JUMBO BAG PINK POLKADOT","192","468","869","0.011241217798594848","0.41025641025641024","8.063497683750848"
"23322 — LARGE WHITE HEART OF WICKER","22470 — HEART OF WICKER LARGE","192","510","799","0.011241217798594848","0.3764705882352941","8.047706692188765"
"20712 — JUMBO BAG WOODLAND ANIMALS","21931 — JUMBO STORAGE BAG SUKI","179","491","774","0.010480093676814989","0.3645621181262729","8.044859144181837"
"22382 — LUNCH BAG SPACEBOY DESIGN + 22383 — LUNCH BAG SUKI DESIGN","20725 — LUNCH BAG RED RETROSPOT","271","447","1288","0.015866510538641687","0.6062639821029083","8.039587588755957"
"20725 — LUNCH BAG RED RETROSPOT + 23209 — LUNCH BAG VINTAGE DOILY","20727 — LUNCH BAG BLACK SKULL","207","419","1050","0.01211943793911007","0.49403341288782815","8.036276849642004"
"22383 — LUNCH BAG SUKI DESIGN + 23206 — LUNCH BAG APPLE DESIGN","20725 — LUNCH BAG RED RETROSPOT","218","360","1288","0.012763466042154567","0.6055555555555555","8.030193236714975"
"20727 — LUNCH BAG BLACK SKULL + 20728 — LUNCH BAG CARS BLUE","23206 — LUNCH BAG APPLE DESIGN","171","421","865","0.010011709601873536","0.40617577197149646","8.020210618812902"
"20727 — LUNCH BAG BLACK SKULL + 22383 — LUNCH BAG SUKI DESIGN","20725 — LUNCH BAG RED RETROSPOT","280","465","1288","0.01639344262295082","0.6021505376344086","7.985039738195418"
"22382 — LUNCH BAG SPACEBOY DESIGN + 23209 — LUNCH BAG VINTAGE DOILY","20725 — LUNCH BAG RED RETROSPOT","186","309","1288","0.01088992974238876","0.6019417475728155","7.982271000422118"
"22382 — LUNCH BAG SPACEBOY DESIGN + 22662 — LUNCH BAG DOLLY GIRL DESIGN","20725 — LUNCH BAG RED RETROSPOT","214","356","1288","0.01252927400468384","0.601123595505618","7.971421592574499"
"20728 — LUNCH BAG CARS BLUE + 22382 — LUNCH BAG SPACEBOY DESIGN","20725 — LUNCH BAG RED RETROSPOT","235","391","1288","0.013758782201405152","0.6010230179028133","7.9700878461025235"
"21931 — JUMBO STORAGE BAG SUKI + 22411 — JUMBO SHOPPER VINTAGE RED PAISLEY","85099B — JUMBO BAG RED RETROSPOT","187","253","1584","0.01094847775175644","0.7391304347826086","7.969916556873079"
"20712 — JUMBO BAG WOODLAND ANIMALS","22386 — JUMBO BAG PINK POLKADOT","199","491","869","0.011651053864168618","0.40529531568228105","7.965988483145409"
"85099C — JUMBO BAG BAROQUE BLACK WHITE","22411 — JUMBO SHOPPER VINTAGE RED PAISLEY","237","644","790","0.013875878220140515","0.36801242236024845","7.956521739130435"
"22411 — JUMBO SHOPPER VINTAGE RED PAISLEY","85099C — JUMBO BAG BAROQUE BLACK WHITE","237","790","644","0.013875878220140515","0.3","7.956521739130434"
"23206 — LUNCH BAG APPLE DESIGN + 23209 — LUNCH BAG VINTAGE DOILY","20727 — LUNCH BAG BLACK SKULL","185","380","1050","0.010831381733021077","0.4868421052631579","7.919298245614035"
"20728 — LUNCH BAG CARS BLUE + 22383 — LUNCH BAG SUKI DESIGN","23206 — LUNCH BAG APPLE DESIGN","181","452","865","0.010597189695550352","0.4004424778761062","7.907002915750167"
"20728 — LUNCH BAG CARS BLUE + 23206 — LUNCH BAG APPLE DESIGN","20725 — LUNCH BAG RED RETROSPOT","172","290","1288","0.010070257611241218","0.593103448275862","7.865067466266866"
"23206 — LUNCH BAG APPLE DESIGN + 23209 — LUNCH BAG VINTAGE DOILY","20725 — LUNCH BAG RED RETROSPOT","225","380","1288","0.013173302107728338","0.5921052631578947","7.8518306636155595"
"22386 — JUMBO BAG PINK POLKADOT + 85099C — JUMBO BAG BAROQUE BLACK WHITE","85099B — JUMBO BAG RED RETROSPOT","182","250","1584","0.010655737704918032","0.728","7.84989898989899"
"21929 — JUMBO BAG PINK VINTAGE PAISLEY + 22386 — JUMBO BAG PINK POLKADOT","85099B — JUMBO BAG RED RETROSPOT","184","253","1584","0.010772833723653397","0.7272727272727273","7.842056932966025"
"20726 — LUNCH BAG WOODLAND","20728 — LUNCH BAG CARS BLUE","362","818","965","0.021194379391100703","0.44254278728606355","7.832778038182347"
"20728 — LUNCH BAG CARS BLUE","20726 — LUNCH BAG WOODLAND","362","965","818","0.021194379391100703","0.37512953367875645","7.832778038182347"
"20725 — LUNCH BAG RED RETROSPOT + 23206 — LUNCH BAG APPLE DESIGN","20728 — LUNCH BAG CARS BLUE","172","389","965","0.010070257611241218","0.442159383033419","7.8259919815655925"
"23206 — LUNCH BAG APPLE DESIGN + 23209 — LUNCH BAG VINTAGE DOILY","22382 — LUNCH BAG SPACEBOY DESIGN","172","380","988","0.010070257611241218","0.45263157894736844","7.824845514596207"
"22386 — JUMBO BAG PINK POLKADOT + 23203 — JUMBO BAG VINTAGE DOILY","85099B — JUMBO BAG RED RETROSPOT","192","265","1584","0.011241217798594848","0.7245283018867924","7.812464265294454"
"20725 — LUNCH BAG RED RETROSPOT + 20727 — LUNCH BAG BLACK SKULL","23206 — LUNCH BAG APPLE DESIGN","204","517","865","0.011943793911007026","0.3945841392649903","7.791326125602352"
"23208 — LUNCH BAG VINTAGE LEAF DESIGN","23202 — JUMBO BAG VINTAGE LEAF","209","595","772","0.012236533957845434","0.35126050420168065","7.771411155135628"
"82483 — WOOD 2 DRAWER CABINET WHITE FINISH","82494L — WOODEN FRAME ANTIQUE WHITE","186","506","809","0.01088992974238876","0.3675889328063241","7.76071566419285"
"23201 — JUMBO BAG ALPHABET","23202 — JUMBO BAG VINTAGE LEAF","262","750","772","0.015339578454332552","0.34933333333333333","7.728773747841105"
"23202 — JUMBO BAG VINTAGE LEAF","23201 — JUMBO BAG ALPHABET","262","772","750","0.015339578454332552","0.3393782383419689","7.728773747841105"
"20725 — LUNCH BAG RED RETROSPOT + 23209 — LUNCH BAG VINTAGE DOILY","22382 — LUNCH BAG SPACEBOY DESIGN","186","419","988","0.01088992974238876","0.4439140811455847","7.674142212516789"
"20728 — LUNCH BAG CARS BLUE","22383 — LUNCH BAG SUKI DESIGN","452","965","1043","0.026463700234192037","0.46839378238341967","7.67034113433251"
"22383 — LUNCH BAG SUKI DESIGN","20728 — LUNCH BAG CARS BLUE","452","1043","965","0.026463700234192037","0.4333652924256951","7.67034113433251"
"82483 — WOOD 2 DRAWER CABINET WHITE FINISH","82482 — WOODEN PICTURE FRAME WHITE FINISH","198","506","874","0.011592505854800936","0.391304347826087","7.6470002984777645"
"85099C — JUMBO BAG BAROQUE BLACK WHITE","22386 — JUMBO BAG PINK POLKADOT","250","644","869","0.014637002341920375","0.38819875776397517","7.629959473657879"
"21928 — JUMBO BAG SCANDINAVIAN BLUE PAISLEY","21931 — JUMBO STORAGE BAG SUKI","185","541","774","0.010831381733021077","0.3419593345656192","7.546079372584983"
"20725 — LUNCH BAG RED RETROSPOT + 23209 — LUNCH BAG VINTAGE DOILY","23203 — JUMBO BAG VINTAGE DOILY","199","419","1079","0.011651053864168618","0.47494033412887826","7.518054593995589"
"84992 — 72 SWEETHEART FAIRY CAKE CASES","21212 — PACK OF 72 RETROSPOT CAKE CASES","226","501","1029","0.013231850117096019","0.45109780439121755","7.487609814384835"
"23206 — LUNCH BAG APPLE DESIGN","23209 — LUNCH BAG VINTAGE DOILY","380","865","1004","0.02224824355971897","0.4393063583815029","7.473458766091703"
"23209 — LUNCH BAG VINTAGE DOILY","23206 — LUNCH BAG APPLE DESIGN","380","1004","865","0.02224824355971897","0.3784860557768924","7.473458766091702"
"20725 — LUNCH BAG RED RETROSPOT","22384 — LUNCH BAG PINK POLKADOT","523","1288","930","0.030620608899297425","0.406055900621118","7.457456755493221"
"22384 — LUNCH BAG PINK POLKADOT","20725 — LUNCH BAG RED RETROSPOT","523","930","1288","0.030620608899297425","0.5623655913978495","7.4574567554932205"
"22386 — JUMBO BAG PINK POLKADOT + 85099B — JUMBO BAG RED RETROSPOT","22411 — JUMBO SHOPPER VINTAGE RED PAISLEY","188","546","790","0.011007025761124122","0.3443223443223443","7.444336254462836"
"22382 — LUNCH BAG SPACEBOY DESIGN","22383 — LUNCH BAG SUKI DESIGN","447","988","1043","0.02617096018735363","0.4524291497975709","7.4089068825910935"
"22383 — LUNCH BAG SUKI DESIGN","22382 — LUNCH BAG SPACEBOY DESIGN","447","1043","988","0.02617096018735363","0.42857142857142855","7.408906882591093"
"20725 — LUNCH BAG RED RETROSPOT + 20728 — LUNCH BAG CARS BLUE","23206 — LUNCH BAG APPLE DESIGN","172","459","865","0.010070257611241218","0.3747276688453159","7.399246917778029"
"20725 — LUNCH BAG RED RETROSPOT + 23203 — JUMBO BAG VINTAGE DOILY","85099B — JUMBO BAG RED RETROSPOT","177","258","1584","0.010362997658079626","0.686046511627907","7.397521728917078"
"23203 — JUMBO BAG VINTAGE DOILY + 85099B — JUMBO BAG RED RETROSPOT","23209 — LUNCH BAG VINTAGE DOILY","202","468","1004","0.011826697892271663","0.43162393162393164","7.3427656893792355"
"20725 — LUNCH BAG RED RETROSPOT + 22384 — LUNCH BAG PINK POLKADOT","23206 — LUNCH BAG APPLE DESIGN","194","523","865","0.01135831381733021","0.37093690248565964","7.324395716133025"
"85099F — JUMBO BAG STRAWBERRY","21931 — JUMBO STORAGE BAG SUKI","217","654","774","0.012704918032786885","0.3318042813455658","7.321985950106284"
"22662 — LUNCH BAG DOLLY GIRL DESIGN","20728 — LUNCH BAG CARS BLUE","245","597","965","0.014344262295081968","0.4103852596314908","7.263606460627837"
"20727 — LUNCH BAG BLACK SKULL","22383 — LUNCH BAG SUKI DESIGN","465","1050","1043","0.027224824355971896","0.44285714285714284","7.25215723873442"
"22383 — LUNCH BAG SUKI DESIGN","20727 — LUNCH BAG BLACK SKULL","465","1043","1050","0.027224824355971896","0.4458293384467881","7.25215723873442"
"20726 — LUNCH BAG WOODLAND","22383 — LUNCH BAG SUKI DESIGN","362","818","1043","0.021194379391100703","0.44254278728606355","7.24700940253688"
"22383 — LUNCH BAG SUKI DESIGN","20726 — LUNCH BAG WOODLAND","362","1043","818","0.021194379391100703","0.34707574304889743","7.24700940253688"
"23208 — LUNCH BAG VINTAGE LEAF DESIGN + 23209 — LUNCH BAG VINTAGE DOILY","20725 — LUNCH BAG RED RETROSPOT","174","319","1288","0.010187353629976581","0.5454545454545454","7.233201581027667"
"22662 — LUNCH BAG DOLLY GIRL DESIGN","22384 — LUNCH BAG PINK POLKADOT","235","597","930","0.013758782201405152","0.3936348408710218","7.22933664739468"
"20726 — LUNCH BAG WOODLAND","23206 — LUNCH BAG APPLE DESIGN","298","818","865","0.017447306791569087","0.3643031784841076","7.1934084260214535"
"23206 — LUNCH BAG APPLE DESIGN","20726 — LUNCH BAG WOODLAND","298","865","818","0.017447306791569087","0.3445086705202312","7.1934084260214535"
"22662 — LUNCH BAG DOLLY GIRL DESIGN","20727 — LUNCH BAG BLACK SKULL","264","597","1050","0.015456674473067917","0.44221105527638194","7.193299832495813"
"82486 — WOOD S/3 CABINET ANT WHITE FINISH","82482 — WOODEN PICTURE FRAME WHITE FINISH","205","557","874","0.012002341920374707","0.36804308797127466","7.192420986898594"
"21929 — JUMBO BAG PINK VINTAGE PAISLEY","21931 — JUMBO STORAGE BAG SUKI","195","602","774","0.011416861826697893","0.3239202657807309","7.148007932215613"
"20726 — LUNCH BAG WOODLAND","22384 — LUNCH BAG PINK POLKADOT","318","818","930","0.018618266978922715","0.38875305623471884","7.139679785472041"
"22384 — LUNCH BAG PINK POLKADOT","20726 — LUNCH BAG WOODLAND","318","930","818","0.018618266978922715","0.3419354838709677","7.1396797854720395"
"22386 — JUMBO BAG PINK POLKADOT","21931 — JUMBO STORAGE BAG SUKI","281","869","774","0.016451990632318503","0.3233601841196778","7.135648507447154"
"21931 — JUMBO STORAGE BAG SUKI","22386 — JUMBO BAG PINK POLKADOT","281","774","869","0.016451990632318503","0.36304909560723514","7.135648507447153"
"20727 — LUNCH BAG BLACK SKULL + 22382 — LUNCH BAG SPACEBOY DESIGN","23209 — LUNCH BAG VINTAGE DOILY","175","418","1004","0.010245901639344262","0.41866028708133973","7.122228788196497"
"23199 — JUMBO BAG APPLES","23203 — JUMBO BAG VINTAGE DOILY","322","716","1079","0.018852459016393444","0.44972067039106145","7.1188406397398785"
"20727 — LUNCH BAG BLACK SKULL","20728 — LUNCH BAG CARS BLUE","421","1050","965","0.02464871194379391","0.40095238095238095","7.096649395509499"
"20728 — LUNCH BAG CARS BLUE","20727 — LUNCH BAG BLACK SKULL","421","965","1050","0.02464871194379391","0.43626943005181346","7.096649395509499"
"23207 — LUNCH BAG ALPHABET DESIGN","23209 — LUNCH BAG VINTAGE DOILY","269","646","1004","0.015749414519906323","0.41640866873065013","7.083924364461658"
"22411 — JUMBO SHOPPER VINTAGE RED PAISLEY","21931 — JUMBO STORAGE BAG SUKI","253","790","774","0.014812646370023419","0.320253164556962","7.067085336735028"
"21931 — JUMBO STORAGE BAG SUKI","22411 — JUMBO SHOPPER VINTAGE RED PAISLEY","253","774","790","0.014812646370023419","0.3268733850129199","7.067085336735027"
"22383 — LUNCH BAG SUKI DESIGN","22384 — LUNCH BAG PINK POLKADOT","400","1043","930","0.0234192037470726","0.3835091083413231","7.043371581150322"
"22384 — LUNCH BAG PINK POLKADOT","22383 — LUNCH BAG SUKI DESIGN","400","930","1043","0.0234192037470726","0.43010752688172044","7.043371581150321"
"21928 — JUMBO BAG SCANDINAVIAN BLUE PAISLEY + 21929 — JUMBO BAG PINK VINTAGE PAISLEY","85099B — JUMBO BAG RED RETROSPOT","184","282","1584","0.010772833723653397","0.6524822695035462","7.035604269646824"
"20725 — LUNCH BAG RED RETROSPOT","20726 — LUNCH BAG WOODLAND","433","1288","818","0.025351288056206088","0.3361801242236025","7.019506750292336"
"20726 — LUNCH BAG WOODLAND","20725 — LUNCH BAG RED RETROSPOT","433","818","1288","0.025351288056206088","0.5293398533007335","7.019506750292336"
"20728 — LUNCH BAG CARS BLUE","22382 — LUNCH BAG SPACEBOY DESIGN","391","965","988","0.022892271662763464","0.40518134715025905","7.004552033731199"
"22382 — LUNCH BAG SPACEBOY DESIGN","20728 — LUNCH BAG CARS BLUE","391","988","965","0.022892271662763464","0.395748987854251","7.004552033731199"
"22961 — JAM MAKING SET PRINTED","22960 — JAM MAKING SET WITH JARS","308","858","876","0.018032786885245903","0.358974358974359","6.9991804238379585"
"22960 — JAM MAKING SET WITH JARS","22961 — JAM MAKING SET PRINTED","308","876","858","0.018032786885245903","0.3515981735159817","6.999180423837958"
"23203 — JUMBO BAG VINTAGE DOILY","23209 — LUNCH BAG VINTAGE DOILY","443","1079","1004","0.025936768149882904","0.41056533827618164","6.984517906132652"
"23209 — LUNCH BAG VINTAGE DOILY","23203 — JUMBO BAG VINTAGE DOILY","443","1004","1079","0.025936768149882904","0.44123505976095617","6.984517906132652"
"23208 — LUNCH BAG VINTAGE LEAF DESIGN","22383 — LUNCH BAG SUKI DESIGN","253","595","1043","0.014812646370023419","0.42521008403361343","6.963171845919576"
"20725 — LUNCH BAG RED RETROSPOT + 22384 — LUNCH BAG PINK POLKADOT","23209 — LUNCH BAG VINTAGE DOILY","214","523","1004","0.01252927400468384","0.4091778202676864","6.960913516107653"
"20725 — LUNCH BAG RED RETROSPOT + 22383 — LUNCH BAG SUKI DESIGN","23209 — LUNCH BAG VINTAGE DOILY","212","519","1004","0.012412177985948477","0.40847784200385356","6.949005519348425"
"82486 — WOOD S/3 CABINET ANT WHITE FINISH","82494L — WOODEN FRAME ANTIQUE WHITE","183","557","809","0.010714285714285714","0.32854578096947934","6.936417724300009"
"22722 — SET OF 6 SPICE TINS PANTRY DESIGN","22720 — SET OF 3 CAKE TINS PANTRY DESIGN","298","646","1137","0.017447306791569087","0.4613003095975232","6.929647570735002"
"20726 — LUNCH BAG WOODLAND","20727 — LUNCH BAG BLACK SKULL","347","818","1050","0.02031615925058548","0.4242053789731051","6.90040749796251"
"20727 — LUNCH BAG BLACK SKULL","20726 — LUNCH BAG WOODLAND","347","1050","818","0.02031615925058548","0.3304761904761905","6.90040749796251"
"20727 — LUNCH BAG BLACK SKULL","22382 — LUNCH BAG SPACEBOY DESIGN","418","1050","988","0.024473067915690868","0.3980952380952381","6.8820512820512825"
"22382 — LUNCH BAG SPACEBOY DESIGN","20727 — LUNCH BAG BLACK SKULL","418","988","1050","0.024473067915690868","0.4230769230769231","6.8820512820512825"
"22662 — LUNCH BAG DOLLY GIRL DESIGN","20725 — LUNCH BAG RED RETROSPOT","309","597","1288","0.01809133489461358","0.5175879396984925","6.863666156871313"
"85099F — JUMBO BAG STRAWBERRY","85099B — JUMBO BAG RED RETROSPOT","414","654","1584","0.02423887587822014","0.6330275229357798","6.825827078120656"
"22382 — LUNCH BAG SPACEBOY DESIGN","22384 — LUNCH BAG PINK POLKADOT","367","988","930","0.02148711943793911","0.3714574898785425","6.822036480780114"
"22384 — LUNCH BAG PINK POLKADOT","22382 — LUNCH BAG SPACEBOY DESIGN","367","930","988","0.02148711943793911","0.3946236559139785","6.822036480780114"
"23206 — LUNCH BAG APPLE DESIGN","22383 — LUNCH BAG SUKI DESIGN","360","865","1043","0.02107728337236534","0.4161849710982659","6.815378050199791"
"22383 — LUNCH BAG SUKI DESIGN","23206 — LUNCH BAG APPLE DESIGN","360","1043","865","0.02107728337236534","0.3451581975071908","6.81537805019979"
"20725 — LUNCH BAG RED RETROSPOT + 20727 — LUNCH BAG BLACK SKULL","23209 — LUNCH BAG VINTAGE DOILY","207","517","1004","0.01211943793911007","0.40038684719535783","6.811361902486765"
"20727 — LUNCH BAG BLACK SKULL + 22383 — LUNCH BAG SUKI DESIGN","23209 — LUNCH BAG VINTAGE DOILY","186","465","1004","0.01088992974238876","0.4","6.804780876494024"
"20725 — LUNCH BAG RED RETROSPOT + 85099B — JUMBO BAG RED RETROSPOT","22383 — LUNCH BAG SUKI DESIGN","176","425","1043","0.010304449648711944","0.41411764705882353","6.7815238847216746"
"20725 — LUNCH BAG RED RETROSPOT + 22382 — LUNCH BAG SPACEBOY DESIGN","23209 — LUNCH BAG VINTAGE DOILY","186","467","1004","0.01088992974238876","0.39828693790149894","6.775638345973707"
"22386 — JUMBO BAG PINK POLKADOT","85099B — JUMBO BAG RED RETROSPOT","546","869","1584","0.031967213114754096","0.6283084004602992","6.774941590821914"
"85099B — JUMBO BAG RED RETROSPOT","22386 — JUMBO BAG PINK POLKADOT","546","1584","869","0.031967213114754096","0.3446969696969697","6.774941590821914"
"20725 — LUNCH BAG RED RETROSPOT + 85099B — JUMBO BAG RED RETROSPOT","20727 — LUNCH BAG BLACK SKULL","177","425","1050","0.010362997658079626","0.4164705882352941","6.774588235294117"
"22662 — LUNCH BAG DOLLY GIRL DESIGN","23206 — LUNCH BAG APPLE DESIGN","204","597","865","0.011943793911007026","0.3417085427135678","6.747262323176576"
"20727 — LUNCH BAG BLACK SKULL + 22384 — LUNCH BAG PINK POLKADOT","23209 — LUNCH BAG VINTAGE DOILY","183","464","1004","0.010714285714285714","0.39439655172413796","6.709455282319"
"23208 — LUNCH BAG VINTAGE LEAF DESIGN","20726 — LUNCH BAG WOODLAND","190","595","818","0.011124121779859485","0.31932773109243695","6.667625485401984"
"23208 — LUNCH BAG VINTAGE LEAF DESIGN","20727 — LUNCH BAG BLACK SKULL","243","595","1050","0.014227166276346605","0.4084033613445378","6.643361344537815"
"20725 — LUNCH BAG RED RETROSPOT","22383 — LUNCH BAG SUKI DESIGN","519","1288","1043","0.030386416861826696","0.4029503105590062","6.598649380966276"
"22383 — LUNCH BAG SUKI DESIGN","20725 — LUNCH BAG RED RETROSPOT","519","1043","1288","0.030386416861826696","0.49760306807286675","6.598649380966276"
"23207 — LUNCH BAG ALPHABET DESIGN","20726 — LUNCH BAG WOODLAND","204","646","818","0.011943793911007026","0.3157894736842105","6.593745978638527"
"20725 — LUNCH BAG RED RETROSPOT + 85099B — JUMBO BAG RED RETROSPOT","23203 — JUMBO BAG VINTAGE DOILY","177","425","1079","0.010362997658079626","0.4164705882352941","6.5925094041323655"
"23207 — LUNCH BAG ALPHABET DESIGN","22382 — LUNCH BAG SPACEBOY DESIGN","245","646","988","0.014344262295081968","0.37925696594427244","6.556385605595317"
"23207 — LUNCH BAG ALPHABET DESIGN","22383 — LUNCH BAG SUKI DESIGN","258","646","1043","0.015105386416861826","0.3993808049535604","6.540195732125419"
"23208 — LUNCH BAG VINTAGE LEAF DESIGN","22382 — LUNCH BAG SPACEBOY DESIGN","225","595","988","0.013173302107728338","0.37815126050420167","6.537270778756847"
"20725 — LUNCH BAG RED RETROSPOT","20727 — LUNCH BAG BLACK SKULL","517","1288","1050","0.030269320843091335","0.40139751552795033","6.529399585921325"
"20727 — LUNCH BAG BLACK SKULL","20725 — LUNCH BAG RED RETROSPOT","517","1050","1288","0.030269320843091335","0.49238095238095236","6.5293995859213245"
"22804 — CANDLEHOLDER PINK HANGING HEART","85123A — WHITE HANGING HEART T-LIGHT HOLDER","302","408","1959","0.017681498829039813","0.7401960784313726","6.453572751203596"
"21930 — JUMBO STORAGE BAG SKULLS","20727 — LUNCH BAG BLACK SKULL","185","469","1050","0.010831381733021077","0.39445628997867804","6.416488983653163"
"23207 — LUNCH BAG ALPHABET DESIGN","20728 — LUNCH BAG CARS BLUE","234","646","965","0.013700234192037471","0.3622291021671827","6.411267424886508"
"23207 — LUNCH BAG ALPHABET DESIGN","22384 — LUNCH BAG PINK POLKADOT","225","646","930","0.013173302107728338","0.34829721362229105","6.396684310396485"
"21928 — JUMBO BAG SCANDINAVIAN BLUE PAISLEY","85099B — JUMBO BAG RED RETROSPOT","320","541","1584","0.01873536299765808","0.5914972273567468","6.378013032356841"
"20725 — LUNCH BAG RED RETROSPOT","20728 — LUNCH BAG CARS BLUE","459","1288","965","0.02687353629976581","0.3563664596273292","6.307501689569723"
"20728 — LUNCH BAG CARS BLUE","20725 — LUNCH BAG RED RETROSPOT","459","965","1288","0.02687353629976581","0.47564766839378236","6.3075016895697225"
"20725 — LUNCH BAG RED RETROSPOT","22382 — LUNCH BAG SPACEBOY DESIGN","467","1288","988","0.02734192037470726","0.36257763975155277","6.268042598134131"
"22382 — LUNCH BAG SPACEBOY DESIGN","20725 — LUNCH BAG RED RETROSPOT","467","988","1288","0.02734192037470726","0.4726720647773279","6.268042598134131"
"22697 — GREEN REGENCY TEACUP AND SAUCER + 22698 — PINK REGENCY TEACUP AND SAUCER + 22699 — ROSES REGENCY TEACUP AND SAUCER","22423 — REGENCY CAKESTAND 3 TIER","239","390","1681","0.013992974238875877","0.6128205128205129","6.226635549657561"
"23201 — JUMBO BAG ALPHABET","23203 — JUMBO BAG VINTAGE DOILY","294","750","1079","0.01721311475409836","0.392","6.2051529193697865"
"23200 — JUMBO BAG PEARS","23209 — LUNCH BAG VINTAGE DOILY","171","469","1004","0.010011709601873536","0.3646055437100213","6.202652078254148"
"22382 — LUNCH BAG SPACEBOY DESIGN","23206 — LUNCH BAG APPLE DESIGN","310","988","865","0.018149882903981264","0.31376518218623484","6.195502094498139"
"23206 — LUNCH BAG APPLE DESIGN","22382 — LUNCH BAG SPACEBOY DESIGN","310","865","988","0.018149882903981264","0.3583815028901734","6.195502094498139"
"23199 — JUMBO BAG APPLES + 23203 — JUMBO BAG VINTAGE DOILY","85099B — JUMBO BAG RED RETROSPOT","185","322","1584","0.010831381733021077","0.5745341614906833","6.195103205972772"
"22698 — PINK REGENCY TEACUP AND SAUCER + 22699 — ROSES REGENCY TEACUP AND SAUCER","22423 — REGENCY CAKESTAND 3 TIER","265","436","1681","0.015515222482435597","0.6077981651376146","6.175605389976478"
"22909 — SET OF 20 VINTAGE CHRISTMAS NAPKINS","22086 — PAPER CHAIN KIT 50'S CHRISTMAS","172","489","973","0.010070257611241218","0.35173824130879344","6.174397904988892"
"23321 — SMALL WHITE HEART OF WICKER","22469 — HEART OF WICKER SMALL","201","582","957","0.011768149882903981","0.34536082474226804","6.163806569067856"
"23206 — LUNCH BAG APPLE DESIGN","22384 — LUNCH BAG PINK POLKADOT","290","865","930","0.016978922716627636","0.3352601156069364","6.157250295232768"
"22384 — LUNCH BAG PINK POLKADOT","23206 — LUNCH BAG APPLE DESIGN","290","930","865","0.016978922716627636","0.3118279569892473","6.1572502952327675"
"23207 — LUNCH BAG ALPHABET DESIGN","20727 — LUNCH BAG BLACK SKULL","244","646","1050","0.014285714285714285","0.37770897832817335","6.14406604747162"
"23199 — JUMBO BAG APPLES","22386 — JUMBO BAG PINK POLKADOT","223","716","869","0.013056206088992973","0.31145251396648044","6.121529273357291"
"21936 — RED RETROSPOT PICNIC BAG","20725 — LUNCH BAG RED RETROSPOT","176","382","1288","0.010304449648711944","0.4607329842931937","6.109720009105394"
"22411 — JUMBO SHOPPER VINTAGE RED PAISLEY","22386 — JUMBO BAG PINK POLKADOT","244","790","869","0.014285714285714285","0.30886075949367087","6.0705889207731865"
"85099C — JUMBO BAG BAROQUE BLACK WHITE","85099B — JUMBO BAG RED RETROSPOT","362","644","1584","0.021194379391100703","0.562111801242236","6.061155028546334"
"23208 — LUNCH BAG VINTAGE LEAF DESIGN","22384 — LUNCH BAG PINK POLKADOT","196","595","930","0.011475409836065573","0.32941176470588235","6.049841872232764"
"22385 — JUMBO BAG SPACEBOY DESIGN","85099B — JUMBO BAG RED RETROSPOT","267","476","1584","0.01563231850117096","0.5609243697478992","6.048351158645277"
"21931 — JUMBO STORAGE BAG SUKI","85099B — JUMBO BAG RED RETROSPOT","434","774","1584","0.02540983606557377","0.5607235142118863","6.046185367890794"
"23208 — LUNCH BAG VINTAGE LEAF DESIGN","20728 — LUNCH BAG CARS BLUE","203","595","965","0.011885245901639344","0.3411764705882353","6.038646754038403"
"20727 — LUNCH BAG BLACK SKULL","23206 — LUNCH BAG APPLE DESIGN","320","1050","865","0.01873536299765808","0.3047619047619048","6.017726396917149"
"23206 — LUNCH BAG APPLE DESIGN","20727 — LUNCH BAG BLACK SKULL","320","865","1050","0.01873536299765808","0.3699421965317919","6.017726396917149"
"22697 — GREEN REGENCY TEACUP AND SAUCER + 22698 — PINK REGENCY TEACUP AND SAUCER","22423 — REGENCY CAKESTAND 3 TIER","271","460","1681","0.015866510538641687","0.5891304347826087","5.985929700230195"
"20725 — LUNCH BAG RED RETROSPOT","23206 — LUNCH BAG APPLE DESIGN","389","1288","865","0.022775175644028103","0.30201863354037267","5.963558683086203"
"23206 — LUNCH BAG APPLE DESIGN","20725 — LUNCH BAG RED RETROSPOT","389","865","1288","0.022775175644028103","0.44971098265895953","5.963558683086202"
"23203 — JUMBO BAG VINTAGE DOILY + 23209 — LUNCH BAG VINTAGE DOILY","20725 — LUNCH BAG RED RETROSPOT","199","443","1288","0.011651053864168618","0.4492099322799097","5.956914319364019"
"20728 — LUNCH BAG CARS BLUE","23206 — LUNCH BAG APPLE DESIGN","290","965","865","0.016978922716627636","0.3005181347150259","5.933930336338316"
"23206 — LUNCH BAG APPLE DESIGN","20728 — LUNCH BAG CARS BLUE","290","865","965","0.016978922716627636","0.3352601156069364","5.933930336338315"
"21929 — JUMBO BAG PINK VINTAGE PAISLEY","85099B — JUMBO BAG RED RETROSPOT","331","602","1584","0.019379391100702578","0.5498338870431894","5.928764388066714"
"21733 — RED HANGING HEART T-LIGHT HOLDER","85123A — WHITE HANGING HEART T-LIGHT HOLDER","457","677","1959","0.026756440281030445","0.6750369276218612","5.885467444503006"
"23208 — LUNCH BAG VINTAGE LEAF DESIGN","20725 — LUNCH BAG RED RETROSPOT","263","595","1288","0.015398126463700234","0.44201680672268906","5.861527219583485"
"22697 — GREEN REGENCY TEACUP AND SAUCER + 22699 — ROSES REGENCY TEACUP AND SAUCER","22423 — REGENCY CAKESTAND 3 TIER","312","541","1681","0.01826697892271663","0.5767097966728281","5.859728332642417"
"20712 — JUMBO BAG WOODLAND ANIMALS","85099B — JUMBO BAG RED RETROSPOT","262","491","1584","0.015339578454332552","0.5336048879837068","5.753769878006131"
"22662 — LUNCH BAG DOLLY GIRL DESIGN","23209 — LUNCH BAG VINTAGE DOILY","201","597","1004","0.011768149882903981","0.33668341708542715","5.72764219503894"
"22355 — CHARLOTTE BAG SUKI DESIGN","22383 — LUNCH BAG SUKI DESIGN","203","583","1043","0.011885245901639344","0.3481989708404803","5.702050260743436"
"21930 — JUMBO STORAGE BAG SKULLS","85099B — JUMBO BAG RED RETROSPOT","248","469","1584","0.014519906323185013","0.5287846481876333","5.7017940600030155"
"22698 — PINK REGENCY TEACUP AND SAUCER","22423 — REGENCY CAKESTAND 3 TIER","309","551","1681","0.01809133489461358","0.5607985480943739","5.6980602031242755"
"23202 — JUMBO BAG VINTAGE LEAF + 23203 — JUMBO BAG VINTAGE DOILY","85099B — JUMBO BAG RED RETROSPOT","226","428","1584","0.013231850117096019","0.5280373831775701","5.693736429717738"
"23209 — LUNCH BAG VINTAGE DOILY","22384 — LUNCH BAG PINK POLKADOT","310","1004","930","0.018149882903981264","0.30876494023904383","5.670650730411687"
"22384 — LUNCH BAG PINK POLKADOT","23209 — LUNCH BAG VINTAGE DOILY","310","930","1004","0.018149882903981264","0.3333333333333333","5.670650730411686"
"23173 — REGENCY TEAPOT ROSES","22423 — REGENCY CAKESTAND 3 TIER","194","353","1681","0.01135831381733021","0.5495750708215298","5.584022730298471"
"22386 — JUMBO BAG PINK POLKADOT + 85099B — JUMBO BAG RED RETROSPOT","23203 — JUMBO BAG VINTAGE DOILY","192","546","1079","0.011241217798594848","0.3516483516483517","5.566407642403935"
"21931 — JUMBO STORAGE BAG SUKI","22383 — LUNCH BAG SUKI DESIGN","262","774","1043","0.015339578454332552","0.3385012919896641","5.543242633924701"
"20725 — LUNCH BAG RED RETROSPOT","23209 — LUNCH BAG VINTAGE DOILY","419","1288","1004","0.024531615925058547","0.3253105590062112","5.534167677117617"
"23209 — LUNCH BAG VINTAGE DOILY","20725 — LUNCH BAG RED RETROSPOT","419","1004","1288","0.024531615925058547","0.41733067729083667","5.534167677117616"
"23344 — JUMBO BAG 50'S CHRISTMAS","22086 — PAPER CHAIN KIT 50'S CHRISTMAS","183","582","973","0.010714285714285714","0.31443298969072164","5.519543128383891"
"22697 — GREEN REGENCY TEACUP AND SAUCER","22423 — REGENCY CAKESTAND 3 TIER","374","691","1681","0.02189695550351288","0.5412445730824892","5.499379719362829"
"22699 — ROSES REGENCY TEACUP AND SAUCER","22423 — REGENCY CAKESTAND 3 TIER","420","780","1681","0.02459016393442623","0.5384615384615384","5.471102365807898"
"23202 — JUMBO BAG VINTAGE LEAF","23209 — LUNCH BAG VINTAGE DOILY","248","772","1004","0.014519906323185013","0.32124352331606215","5.464979460396755"
"20727 — LUNCH BAG BLACK SKULL","23209 — LUNCH BAG VINTAGE DOILY","334","1050","1004","0.01955503512880562","0.3180952380952381","5.411420982735724"
"23209 — LUNCH BAG VINTAGE DOILY","20727 — LUNCH BAG BLACK SKULL","334","1004","1050","0.01955503512880562","0.33266932270916333","5.411420982735724"
"20726 — LUNCH BAG WOODLAND","23209 — LUNCH BAG VINTAGE DOILY","260","818","1004","0.01522248243559719","0.31784841075794623","5.407221967874225"
"22411 — JUMBO SHOPPER VINTAGE RED PAISLEY","85099B — JUMBO BAG RED RETROSPOT","396","790","1584","0.023185011709601872","0.5012658227848101","5.405063291139241"
"22383 — LUNCH BAG SUKI DESIGN","23209 — LUNCH BAG VINTAGE DOILY","331","1043","1004","0.019379391100702578","0.3173537871524449","5.398807454744779"
"23209 — LUNCH BAG VINTAGE DOILY","22383 — LUNCH BAG SUKI DESIGN","331","1004","1043","0.019379391100702578","0.3296812749003984","5.398807454744779"
"20713 — JUMBO BAG OWLS","85099B — JUMBO BAG RED RETROSPOT","202","404","1584","0.011826697892271663","0.5","5.391414141414142"
"22382 — LUNCH BAG SPACEBOY DESIGN","23209 — LUNCH BAG VINTAGE DOILY","309","988","1004","0.01809133489461358","0.31275303643724695","5.320539703534042"
"23209 — LUNCH BAG VINTAGE DOILY","22382 — LUNCH BAG SPACEBOY DESIGN","309","1004","988","0.01809133489461358","0.30776892430278885","5.320539703534042"
"23207 — LUNCH BAG ALPHABET DESIGN","20725 — LUNCH BAG RED RETROSPOT","258","646","1288","0.015105386416861826","0.3993808049535604","5.296136761340692"
"23208 — LUNCH BAG VINTAGE LEAF DESIGN","23203 — JUMBO BAG VINTAGE DOILY","199","595","1079","0.011651053864168618","0.334453781512605","5.294226680477566"
"23199 — JUMBO BAG APPLES","85099B — JUMBO BAG RED RETROSPOT","351","716","1584","0.020550351288056205","0.49022346368715086","5.285995429151854"
"21928 — JUMBO BAG SCANDINAVIAN BLUE PAISLEY","23203 — JUMBO BAG VINTAGE DOILY","173","541","1079","0.010128805620608899","0.3197781885397412","5.06191979634734"
"23203 — JUMBO BAG VINTAGE DOILY + 85099B — JUMBO BAG RED RETROSPOT","20725 — LUNCH BAG RED RETROSPOT","177","468","1288","0.010362997658079626","0.3782051282051282","5.015328874024526"
"22411 — JUMBO SHOPPER VINTAGE RED PAISLEY","23203 — JUMBO BAG VINTAGE DOILY","247","790","1079","0.01446135831381733","0.31265822784810127","4.9492145798383405"
"23203 — JUMBO BAG VINTAGE DOILY + 23209 — LUNCH BAG VINTAGE DOILY","85099B — JUMBO BAG RED RETROSPOT","202","443","1584","0.011826697892271663","0.45598194130925507","4.916774973208382"
"23298 — SPOTTY BUNTING","47566 — PARTY BUNTING","389","1005","1364","0.022775175644028103","0.3870646766169154","4.846821610422959"
"22386 — JUMBO BAG PINK POLKADOT","23203 — JUMBO BAG VINTAGE DOILY","265","869","1079","0.015515222482435597","0.3049482163406214","4.827169170618919"
"22666 — RECIPE BOX PANTRY YELLOW DESIGN","22720 — SET OF 3 CAKE TINS PANTRY DESIGN","265","826","1137","0.015515222482435597","0.32082324455205813","4.819402829330829"
"23202 — JUMBO BAG VINTAGE LEAF","85099B — JUMBO BAG RED RETROSPOT","345","772","1584","0.02019906323185012","0.44689119170984454","4.818750981315748"
"23344 — JUMBO BAG 50'S CHRISTMAS","23203 — JUMBO BAG VINTAGE DOILY","175","582","1079","0.010245901639344262","0.3006872852233677","4.759720881941724"
"23200 — JUMBO BAG PEARS","85099B — JUMBO BAG RED RETROSPOT","205","469","1584","0.012002341920374707","0.43710021321961623","4.713176541534751"
"23203 — JUMBO BAG VINTAGE DOILY","85099B — JUMBO BAG RED RETROSPOT","468","1079","1584","0.027400468384074943","0.43373493975903615","4.676889375684556"
"20723 — STRAWBERRY CHARLOTTE BAG","20725 — LUNCH BAG RED RETROSPOT","172","492","1288","0.010070257611241218","0.34959349593495936","4.635913750441852"
"22386 — JUMBO BAG PINK POLKADOT + 85099B — JUMBO BAG RED RETROSPOT","20725 — LUNCH BAG RED RETROSPOT","185","546","1288","0.010831381733021077","0.33882783882783885","4.493151775760471"
"22355 — CHARLOTTE BAG SUKI DESIGN","20725 — LUNCH BAG RED RETROSPOT","191","583","1288","0.011182669789227166","0.3276157804459691","4.344470132000894"
"20724 — RED RETROSPOT CHARLOTTE BAG","20725 — LUNCH BAG RED RETROSPOT","240","739","1288","0.01405152224824356","0.32476319350473615","4.306642348649762"
"23201 — JUMBO BAG ALPHABET","85099B — JUMBO BAG RED RETROSPOT","296","750","1584","0.017330210772833723","0.39466666666666667","4.255622895622896"
"21931 — JUMBO STORAGE BAG SUKI","20725 — LUNCH BAG RED RETROSPOT","238","774","1288","0.013934426229508197","0.30749354005167956","4.077631726772272"
"20724 — RED RETROSPOT CHARLOTTE BAG","85099B — JUMBO BAG RED RETROSPOT","276","739","1584","0.016159250585480095","0.37347767253044656","4.027145610366179"
"20725 — LUNCH BAG RED RETROSPOT + 22384 — LUNCH BAG PINK POLKADOT","85099B — JUMBO BAG RED RETROSPOT","187","523","1584","0.01094847775175644","0.3575525812619503","3.8554280858296157"
"20725 — LUNCH BAG RED RETROSPOT + 20727 — LUNCH BAG BLACK SKULL","85099B — JUMBO BAG RED RETROSPOT","177","517","1584","0.010362997658079626","0.34235976789168276","3.6916065881249636"
"20725 — LUNCH BAG RED RETROSPOT + 22383 — LUNCH BAG SUKI DESIGN","85099B — JUMBO BAG RED RETROSPOT","176","519","1584","0.010304449648711944","0.33911368015414256","3.6566045814600727"
"20725 — LUNCH BAG RED RETROSPOT","85099B — JUMBO BAG RED RETROSPOT","425","1288","1584","0.024882903981264637","0.3299689440993789","3.5579984628897674"
"23245 — SET OF 3 REGENCY CAKE TINS","22423 — REGENCY CAKESTAND 3 TIER","250","714","1681","0.014637002341920375","0.35014005602240894","3.5576395936125786"
"82482 — WOODEN PICTURE FRAME WHITE FINISH + 82494L — WOODEN FRAME ANTIQUE WHITE","85123A — WHITE HANGING HEART T-LIGHT HOLDER","179","468","1959","0.010480093676814989","0.38247863247863245","3.3347294756176833"
"84836 — ZINC METAL HEART DECORATION","85123A — WHITE HANGING HEART T-LIGHT HOLDER","175","475","1959","0.010245901639344262","0.3684210526315789","3.212165175572929"
"22470 — HEART OF WICKER LARGE","85123A — WHITE HANGING HEART T-LIGHT HOLDER","291","799","1959","0.017037470725995315","0.3642052565707134","3.1754087709177052"
"82482 — WOODEN PICTURE FRAME WHITE FINISH","85123A — WHITE HANGING HEART T-LIGHT HOLDER","308","874","1959","0.018032786885245903","0.3524027459954233","3.0725058201132365"
"21755 — LOVE BUILDING BLOCK WORD","85123A — WHITE HANGING HEART T-LIGHT HOLDER","179","555","1959","0.010480093676814989","0.3225225225225225","2.8119880983586953"
"82494L — WOODEN FRAME ANTIQUE WHITE","85123A — WHITE HANGING HEART T-LIGHT HOLDER","256","809","1959","0.014988290398126464","0.3164400494437577","2.7589566332309245"
"21754 — HOME BUILDING BLOCK WORD","85123A — WHITE HANGING HEART T-LIGHT HOLDER","209","690","1959","0.012236533957845434","0.30289855072463767","2.6408919072878057"
"23321 — SMALL WHITE HEART OF WICKER","85123A — WHITE HANGING HEART T-LIGHT HOLDER","176","582","1959","0.010304449648711944","0.3024054982817869","2.6365931141668812"
